word;upos;ner tag;fc_count;stopword;rfc_count;fcTotalCount;rfcTotalCount
imelik;ADJ;O;3;no;1;3021;932062911
küll;ADV;O;8;yes;1;3021;932062911
,;PUNCT;O;206;no;0;3021;932062911
aga;CCONJ;O;23;yes;1;3021;932062911
ma;PRON;O;44;yes;2;3021;932062911
olin;AUX;O;7;yes;257637;3021;932062911
Leho;PROPN;O;7;no;2248;3021;932062911
mõne;DET;O;2;yes;238679;3021;932062911
nädalaga;NOUN;O;1;no;17975;3021;932062911
peaaegu;ADV;O;2;yes;1;3021;932062911
täiesti;ADV;O;2;yes;1;3021;932062911
unustada;VERB;O;1;no;28600;3021;932062911
jõudnud;VERB;O;2;no;183493;3021;932062911
.;PUNCT;O;258;no;0;3021;932062911
meelest;NOUN;O;1;yes;96986;3021;932062911
tuli;VERB;O;4;yes;1;3021;932062911
lennanud;VERB;O;1;no;7911;3021;932062911
kõik;PRON;O;6;yes;1;3021;932062911
mis;PRON;O;11;yes;1;3021;932062911
kooliga;NOUN;O;1;no;6400;3021;932062911
seotud;VERB;O;1;no;459660;3021;932062911
suvi;NOUN;O;1;no;38200;3021;932062911
oli;AUX;O;45;yes;1;3021;932062911
mu;PRON;O;5;yes;521240;3021;932062911
jäägitult;ADV;O;1;no;2328;3021;932062911
alla;ADV;O;3;yes;1;3021;932062911
neelanud;VERB;O;1;no;1262;3021;932062911
Leole;PROPN;O;1;no;163;3021;932062911
otsa;ADP;O;2;yes;151939;3021;932062911
vaadates;VERB;O;1;no;85262;3021;932062911
mõistsin;VERB;O;1;no;6668;3021;932062911
et;SCONJ;O;27;yes;1;3021;932062911
tema;PRON;O;5;yes;1;3021;932062911
tulek;NOUN;O;1;no;7381;3021;932062911
ei;AUX;O;35;yes;13;3021;932062911
puutu;VERB;O;1;no;7999;3021;932062911
üldse;ADV;O;5;no;2;3021;932062911
meie;PRON;O;9;yes;3;3021;932062911
kooli;NOUN;O;1;no;1;3021;932062911
ega;CCONJ;O;4;yes;706448;3021;932062911
veidralt;ADV;O;1;no;2418;3021;932062911
jahedatesse;ADJ;O;1;no;38;3021;932062911
suvistesse;ADJ;O;1;no;106;3021;932062911
suhetesse;NOUN;O;1;no;1386;3021;932062911
kuid;CCONJ;O;2;yes;1;3021;932062911
kõigepealt;ADV;O;1;yes;78869;3021;932062911
küsis;VERB;O;4;no;68672;3021;932062911
ta;PRON;O;26;yes;1;3021;932062911
juua;VERB;O;1;no;33345;3021;932062911
viisin;VERB;O;1;no;8256;3021;932062911
kiiresti;ADV;O;3;no;1;3021;932062911
koju;NOUN;O;4;no;194944;3021;932062911
tuppa;NOUN;O;2;no;40527;3021;932062911
nagu;SCONJ;O;18;yes;1;3021;932062911
ütlesime;VERB;O;2;no;2743;3021;932062911
Leo;PROPN;O;1;no;9191;3021;932062911
jõi;VERB;O;1;no;4782;3021;932062911
tühjaks;ADJ;O;1;no;34301;3021;932062911
terve;ADJ;O;1;no;1;3021;932062911
kopsiku;NOUN;O;1;no;461;3021;932062911
pühkis;VERB;O;1;no;2579;3021;932062911
nägu;NOUN;O;3;no;1;3021;932062911
vaatas;VERB;O;7;no;49159;3021;932062911
kasinast;NOUN;O;1;no;75;3021;932062911
toakeses;NOUN;O;1;no;181;3021;932062911
ringi;ADV;O;4;yes;1;3021;932062911
ja;CCONJ;O;81;yes;1;3021;932062911
noogutas;VERB;O;2;no;7096;3021;932062911
ebamääraselt;ADV;O;1;no;814;3021;932062911
mul;PRON;O;6;yes;1;3021;932062911
veel;ADV;O;10;yes;3;3021;932062911
palju;ADV;O;6;yes;3;3021;932062911
aega;NOUN;O;7;no;1;3021;932062911
pean;AUX;O;4;yes;155345;3021;932062911
kohe;ADV;O;3;yes;5;3021;932062911
tagasi;ADV;O;3;yes;2;3021;932062911
minema;VERB;O;3;yes;169702;3021;932062911
ütles;VERB;O;6;no;618630;3021;932062911
riiulit;NOUN;O;1;no;2493;3021;932062911
silmitsedes;VERB;O;1;no;1260;3021;932062911
võttis;VERB;O;2;no;190342;3021;932062911
sealt;ADV;O;1;yes;262408;3021;932062911
pisikese;ADJ;O;1;no;15288;3021;932062911
värvilise;ADJ;O;1;no;3815;3021;932062911
põrsa;NOUN;O;1;no;448;3021;932062911
uuris;VERB;O;1;no;22335;3021;932062911
seda;PRON;O;12;yes;2;3021;932062911
ahsoo;INTJ;O;1;no;219;3021;932062911
see;PRON;O;30;yes;1;3021;932062911
on;AUX;O;26;yes;1;3021;932062911
see;DET;O;5;yes;1;3021;932062911
martsipan;NOUN;O;1;no;1017;3021;932062911
tean;VERB;O;2;no;2;3021;932062911
sul;PRON;O;3;yes;307622;3021;932062911
ju;ADV;O;4;yes;843987;3021;932062911
kivikõva;ADJ;O;1;no;457;3021;932062911
kahju;NOUN;O;1;no;136651;3021;932062911
kõlba;VERB;O;1;no;7683;3021;932062911
enam;ADV;O;7;yes;4;3021;932062911
süüa;VERB;O;1;no;103240;3021;932062911
istusin;VERB;O;2;no;14092;3021;932062911
vaikides;VERB;O;2;no;4435;3021;932062911
vaatasin;VERB;O;1;no;71727;3021;932062911
tihedate;ADJ;O;1;no;1203;3021;932062911
tedretäppidega;NOUN;O;1;no;33;3021;932062911
kaetud;ADJ;O;1;no;67020;3021;932062911
higist;NOUN;O;1;no;1169;3021;932062911
selge;ADJ;O;2;no;153014;3021;932062911
tulnud;VERB;O;2;yes;1;3021;932062911
asutuse;NOUN;O;2;no;22835;3021;932062911
vahele;ADP;O;2;yes;149081;3021;932062911
niisama;ADV;O;2;yes;86318;3021;932062911
ajaviiteks;NOUN;O;1;no;3063;3021;932062911
kõndima;VERB;O;1;no;6047;3021;932062911
asi;NOUN;O;3;no;431981;3021;932062911
polnud;AUX;O;11;yes;302129;3021;932062911
ainult;ADV;O;5;yes;1;3021;932062911
mõnes;DET;O;2;yes;55982;3021;932062911
kilomeetris;NOUN;O;1;no;187;3021;932062911
sellised;DET;O;1;yes;1;3021;932062911
visiidid;NOUN;O;1;no;724;3021;932062911
meil;PRON;O;5;yes;1;3021;932062911
suviti;ADV;O;1;no;5573;3021;932062911
lihtsalt;ADV;O;3;no;1;3021;932062911
kombeks;NOUN;O;1;no;18316;3021;932062911
tal;PRON;O;2;yes;2;3021;932062911
pidi;AUX;O;1;yes;192828;3021;932062911
olema;AUX;O;1;yes;1;3021;932062911
minu;PRON;O;8;yes;1;3021;932062911
jaoks;ADP;O;3;yes;2;3021;932062911
mingi;DET;O;2;yes;1;3021;932062911
suur;ADJ;O;2;no;1;3021;932062911
sõnum;NOUN;O;1;no;30873;3021;932062911
õhukese;ADJ;O;2;no;6851;3021;932062911
toa;NOUN;O;1;no;25463;3021;932062911
seina;NOUN;O;1;no;47805;3021;932062911
tagant;ADP;O;1;yes;87729;3021;932062911
kostis;VERB;O;3;no;9234;3021;932062911
kobinatia;NOUN;O;1;no;0;3021;932062911
muutus;VERB;O;2;no;73037;3021;932062911
ärevaks;ADJ;O;1;no;2051;3021;932062911
ah;INTJ;O;1;yes;30957;3021;932062911
ei;ADV;O;5;yes;13;3021;932062911
naabrite;NOUN;O;1;no;9995;3021;932062911
hundikoer;NOUN;O;1;no;300;3021;932062911
jube;ADV;O;2;no;49464;3021;932062911
sõbralik;ADJ;O;1;no;26452;3021;932062911
koeraga;NOUN;O;1;no;9363;3021;932062911
nad;PRON;O;5;yes;1174316;3021;932062911
hoiavad;VERB;O;1;no;26235;3021;932062911
teda;PRON;O;2;yes;378606;3021;932062911
päevad;NOUN;O;1;no;56620;3021;932062911
läbi;ADV;O;1;yes;1;3021;932062911
toas;NOUN;O;1;no;53044;3021;932062911
kinni;ADV;O;3;no;2;3021;932062911
vanadele;ADJ;O;1;no;4556;3021;932062911
meeldi;VERB;O;1;no;1;3021;932062911
koerad;NOUN;O;1;no;19289;3021;932062911
seletasin;VERB;O;1;no;2492;3021;932062911
koer;NOUN;O;1;no;46804;3021;932062911
las;ADV;O;1;no;46253;3021;932062911
olla;AUX;O;4;yes;4;3021;932062911
leo;NOUN;O;1;no;1140;3021;932062911
rohkem;ADV;O;2;yes;2;3021;932062911
seal;ADV;O;10;yes;1;3021;932062911
kedagi;PRON;O;1;yes;1;3021;932062911
kodus;NOUN;O;2;no;254537;3021;932062911
ole;AUX;O;1;yes;1;3021;932062911
tähistas;VERB;O;1;no;10779;3021;932062911
näppudega;NOUN;O;1;no;1505;3021;932062911
lauaplaati;NOUN;O;1;no;277;3021;932062911
kahtlustavalt;ADV;O;2;no;831;3021;932062911
kallutas;VERB;O;1;no;1415;3021;932062911
siis;ADV;O;18;yes;1;3021;932062911
oma;PRON;O;14;yes;1;3021;932062911
pea;NOUN;O;3;yes;4;3021;932062911
kõrva;NOUN;O;1;yes;17275;3021;932062911
äärde;ADP;O;3;yes;33370;3021;932062911
ruudulises;ADJ;O;1;no;108;3021;932062911
särgist;NOUN;O;1;no;573;3021;932062911
pahvatas;VERB;O;1;no;634;3021;932062911
higi;NOUN;O;1;no;6486;3021;932062911
kirburohu;NOUN;O;1;no;25;3021;932062911
mets;NOUN;O;1;no;19413;3021;932062911
muulukate;ADJ;O;1;no;2;3021;932062911
lõhna;NOUN;O;2;no;24545;3021;932062911
oled;AUX;O;2;yes;383406;3021;932062911
sa;PRON;O;6;yes;1;3021;932062911
midagi;PRON;O;18;yes;1;3021;932062911
kuulnud;VERB;O;1;no;69232;3021;932062911
?;PUNCT;O;19;no;0;3021;932062911
nõudlikkus;NOUN;O;1;no;494;3021;932062911
Rosinaga;PROPN;O;1;no;39;3021;932062911
millest;PRON;O;2;yes;275052;3021;932062911
nuhule;NOUN;O;1;no;0;3021;932062911
me;PRON;O;5;yes;1;3021;932062911
sinuga;PRON;O;1;yes;36525;3021;932062911
toomingal;NOUN;O;1;no;30;3021;932062911
rääkisime;VERB;O;1;no;15080;3021;932062911
muidugi;ADV;O;3;yes;423963;3021;932062911
meenus;VERB;O;1;no;12865;3021;932062911
otsekui;SCONJ;O;3;yes;15927;3021;932062911
hele;ADJ;O;1;no;12724;3021;932062911
hääletu;ADJ;O;1;no;1346;3021;932062911
plahvatus;NOUN;O;1;no;5156;3021;932062911
alateadvuses;NOUN;O;1;no;1889;3021;932062911
külmavärinad;NOUN;O;1;no;1671;3021;932062911
jooksid;VERB;O;1;no;8648;3021;932062911
üle;ADP;O;4;yes;2;3021;932062911
selja;NOUN;O;1;no;40690;3021;932062911
saanudki;VERB;O;1;no;12282;3021;932062911
aru;NOUN;O;3;no;1;3021;932062911
kole;ADJ;O;1;no;24364;3021;932062911
või;CCONJ;O;6;yes;1;3021;932062911
hoopis;ADV;O;3;yes;1;3021;932062911
meeldiv;ADJ;O;1;no;43476;3021;932062911
tunne;NOUN;O;3;no;173963;3021;932062911
vahepealset;ADJ;O;1;no;2239;3021;932062911
rääkisin;VERB;O;2;no;19860;3021;932062911
Lehule;PROPN;O;1;no;0;3021;932062911
sellest;PRON;O;2;yes;933385;3021;932062911
kuidas;ADV;O;5;yes;2;3021;932062911
aja;NOUN;O;1;no;309245;3021;932062911
eest;ADP;O;2;yes;1105733;3021;932062911
linna;NOUN;O;1;no;259120;3021;932062911
sugulase;NOUN;O;1;no;2833;3021;932062911
Reinuga;PROPN;O;1;no;189;3021;932062911
jõe;NOUN;O;2;no;40867;3021;932062911
kaldal;NOUN;O;1;no;14791;3021;932062911
mängisin;VERB;O;1;no;9512;3021;932062911
Rein;PROPN;O;1;no;1;3021;932062911
äkki;ADV;O;3;no;2;3021;932062911
kukkus;VERB;O;1;no;40722;3021;932062911
üks;DET;O;3;yes;2;3021;932062911
vanamoor;NOUN;O;2;no;359;3021;932062911
meid;PRON;O;2;yes;214328;3021;932062911
Kont;PROPN;O;5;no;901;3021;932062911
käega;NOUN;O;2;no;44666;3021;932062911
ähvardanud;VERB;O;1;no;2706;3021;932062911
Kont;NOUN;O;1;no;901;3021;932062911
just;ADV;O;1;yes;1;3021;932062911
nimelt;ADV;O;2;no;1;3021;932062911
kohutava;ADJ;O;1;no;3359;3021;932062911
saladuse;NOUN;O;1;no;3968;3021;932062911
peale;ADP;O;5;yes;1;3021;932062911
mõtelnud;VERB;O;2;no;1376;3021;932062911
tabanud;VERB;O;1;no;16875;3021;932062911
otsest;ADJ;O;1;no;13072;3021;932062911
seost;NOUN;O;1;no;12764;3021;932062911
nüüd;ADV;O;12;yes;1116542;3021;932062911
tabasin;VERB;O;1;no;2561;3021;932062911
näed;VERB;O;2;no;58850;3021;932062911
hüüatas;VERB;O;2;no;1913;3021;932062911
tavakatas;NOUN;O;1;no;0;3021;932062911
jälle;ADV;O;4;no;3;3021;932062911
hakkas;VERB;O;7;yes;204226;3021;932062911
poolsosinal;NOUN;O;1;no;80;3021;932062911
rääkima;VERB;O;2;no;46461;3021;932062911
on;VERB;O;1;yes;1;3021;932062911
andmeid;NOUN;O;2;no;81259;3021;932062911
jaanipäeva;NOUN;O;1;no;6304;3021;932062911
paiku;ADP;O;1;yes;46085;3021;932062911
võib;AUX;O;1;yes;1;3021;932062911
juhtuda;VERB;O;1;no;39909;3021;932062911
tea;VERB;O;3;no;1;3021;932062911
täpset;ADJ;O;1;no;14977;3021;932062911
Äravisi;PROPN;O;1;no;0;3021;932062911
niikuinii;ADV;O;1;no;1;3021;932062911
saa;AUX;O;2;yes;3;3021;932062911
rääkida;VERB;O;4;no;1;3021;932062911
võib-olla;ADV;O;2;yes;1;3021;932062911
juhtu;VERB;O;1;no;23326;3021;932062911
passi;NOUN;O;3;no;13528;3021;932062911
hoolega;NOUN;O;2;no;22181;3021;932062911
peale;ADV;O;2;yes;1;3021;932062911
vaat;ADV;O;1;yes;18879;3021;932062911
sulle;PRON;O;1;yes;1;3021;932062911
ütlen;VERB;O;2;no;48529;3021;932062911
pagan;NOUN;O;1;no;5286;3021;932062911
seda;DET;O;4;yes;2;3021;932062911
kolhoosivärki;NOUN;O;1;no;0;3021;932062911
võtaks;VERB;O;2;no;30979;3021;932062911
mina;PRON;O;12;yes;1;3021;932062911
saa;VERB;O;1;yes;3;3021;932062911
steisin;VERB;O;1;no;0;3021;932062911
asutuses;NOUN;O;1;no;4421;3021;932062911
viga;NOUN;O;1;no;129445;3021;932062911
käidi;VERB;O;1;no;9090;3021;932062911
ujumas;VERB;O;1;no;6658;3021;932062911
te;PRON;O;4;yes;1;3021;932062911
esitate;VERB;O;1;no;1077;3021;932062911
päikese;NOUN;O;1;no;32382;3021;932062911
käes;ADP;O;1;yes;144526;3021;932062911
mingit;DET;O;2;yes;238038;3021;932062911
linnakad;ADJ;O;1;no;40;3021;932062911
kolhoosikapsaid;NOUN;O;1;no;0;3021;932062911
kõplama;VERB;O;1;no;65;3021;932062911
väetist;NOUN;O;1;no;2494;3021;932062911
valvama;VERB;O;1;no;2560;3021;932062911
heinaaeg;NOUN;O;1;no;104;3021;932062911
varsti;ADV;O;2;no;1;3021;932062911
käes;NOUN;O;2;yes;144526;3021;932062911
ka;ADV;O;9;yes;3;3021;932062911
kõik;DET;O;6;yes;1;3021;932062911
värk;NOUN;O;1;no;32690;3021;932062911
talu;NOUN;O;1;no;55656;3021;932062911
tahab;VERB;O;1;no;150780;3021;932062911
juba;ADV;O;5;yes;1;3021;932062911
pidamist;NOUN;O;1;no;4186;3021;932062911
vana;ADJ;O;1;no;1;3021;932062911
mees;NOUN;O;3;no;1;3021;932062911
panime;VERB;O;1;no;15358;3021;932062911
säärase;DET;O;1;yes;4806;3021;932062911
mahvi;NOUN;O;1;no;845;3021;932062911
mõtlen;VERB;O;2;no;59924;3021;932062911
uurikad;NOUN;O;1;no;0;3021;932062911
karjatama;VERB;O;1;no;236;3021;932062911
saab;VERB;O;1;yes;2;3021;932062911
kui;SCONJ;O;18;yes;1;3021;932062911
nii;ADV;O;8;yes;1;3021;932062911
edasi;ADV;O;4;yes;1;3021;932062911
läheb;VERB;O;1;yes;415837;3021;932062911
motoon;VERB;O;1;no;0;3021;932062911
binokli;NOUN;O;1;no;860;3021;932062911
siia;ADV;O;2;yes;1;3021;932062911
sinu;PRON;O;1;yes;1;3021;932062911
kätte;ADP;O;1;yes;257319;3021;932062911
eks;ADV;O;4;yes;278151;3021;932062911
ise;PRON;O;2;yes;1;3021;932062911
tead;VERB;O;1;no;58121;3021;932062911
ega;ADV;O;1;yes;706448;3021;932062911
jäta;VERB;O;1;no;45324;3021;932062911
teen;VERB;O;2;yes;121293;3021;932062911
vaatlusi;NOUN;O;1;no;1600;3021;932062911
kas;ADV;O;4;yes;1;3021;932062911
või;ADV;O;4;yes;1;3021;932062911
öösel;ADV;O;1;no;80433;3021;932062911
lühidalt;ADV;O;1;no;26987;3021;932062911
rahvas;NOUN;O;1;no;70885;3021;932062911
räägib;VERB;O;1;no;2;3021;932062911
siin;ADV;O;2;yes;1;3021;932062911
teie;PRON;O;6;yes;1;3021;932062911
kandis;VERB;O;1;no;51490;3021;932062911
tõsi;NOUN;O;1;no;65717;3021;932062911
kusagil;ADV;O;3;yes;1;3021;932062911
teisel;PRON;O;1;yes;144232;3021;932062911
pool;NUM;O;4;yes;1;3021;932062911
jõge;NOUN;O;1;no;6497;3021;932062911
otse;ADV;O;1;no;1;3021;932062911
idas;NOUN;O;1;no;5417;3021;932062911
muide;ADV;O;1;yes;1;3021;932062911
ikka;ADV;O;6;yes;1;3021;932062911
oskad;VERB;O;1;no;18132;3021;932062911
ilmakaari;NOUN;O;1;no;206;3021;932062911
määrata;VERB;O;1;no;47766;3021;932062911
teil;PRON;O;2;yes;136063;3021;932062911
kamba;NOUN;O;4;no;3494;3021;932062911
mõni;DET;O;1;yes;285029;3021;932062911
kompass;NOUN;O;1;no;1931;3021;932062911
kaon;NOUN;O;1;no;610;3021;932062911
olgu;VERB;O;1;yes;115721;3021;932062911
räägitakse;VERB;O;1;no;47333;3021;932062911
lageda;NOUN;O;1;no;2403;3021;932062911
peal;ADP;O;1;yes;1;3021;932062911
mingid;DET;O;1;yes;58818;3021;932062911
koopad;NOUN;O;1;no;1789;3021;932062911
vanad;ADJ;O;1;no;55857;3021;932062911
maa-alused;ADJ;O;1;no;927;3021;932062911
käigud;NOUN;O;1;no;5050;3021;932062911
mingid;PRON;O;1;yes;58818;3021;932062911
õhuavad;VERB;O;1;no;361;3021;932062911
siit;ADV;O;1;yes;213017;3021;932062911
juurest;ADP;O;1;yes;42947;3021;932062911
fosforiidikaevanduse;NOUN;O;1;no;46;3021;932062911
poole;ADP;O;3;yes;1;3021;932062911
minnes;VERB;O;1;yes;44143;3021;932062911
arvan;VERB;O;1;no;1;3021;932062911
tasuks;VERB;O;1;no;36598;3021;932062911
uurida;VERB;O;1;no;66113;3021;932062911
vaatan;VERB;O;1;no;57710;3021;932062911
põlluorja;NOUN;O;1;no;0;3021;932062911
elu;NOUN;O;1;no;1;3021;932062911
uuriks;VERB;O;1;no;2333;3021;932062911
läbimaid;ADJ;O;1;no;0;3021;932062911
saaju;NOUN;O;1;no;14;3021;932062911
jah;ADV;O;3;yes;408065;3021;932062911
vaadake;VERB;O;1;no;42261;3021;932062911
mehed;NOUN;O;2;no;141462;3021;932062911
nende;PRON;O;3;yes;2;3021;932062911
koobaste;NOUN;O;1;no;802;3021;932062911
ligidal;ADP;O;1;yes;4171;3021;932062911
pimeda;NOUN;O;1;no;4066;3021;932062911
jää;VERB;O;1;no;84143;3021;932062911
piiril;NOUN;O;1;no;23123;3021;932062911
lopsaka;ADJ;O;1;no;1147;3021;932062911
lepavõsa;NOUN;O;1;no;166;3021;932062911
kadus;VERB;O;1;no;1;3021;932062911
vajasin;VERB;O;1;no;2018;3021;932062911
tükk;NOUN;O;4;no;40521;3021;932062911
üksindust;NOUN;O;1;no;2058;3021;932062911
hiilisin;VERB;O;1;no;598;3021;932062911
inimesi;NOUN;O;1;no;293390;3021;932062911
vältides;VERB;O;1;no;4592;3021;932062911
vaiksele;ADJ;O;1;no;468;3021;932062911
ääremaale;NOUN;O;1;no;202;3021;932062911
laugelt;NOUN;O;1;no;176;3021;932062911
langevale;ADJ;O;1;no;112;3021;932062911
jõeveerele;NOUN;O;1;no;2;3021;932062911
toominga;NOUN;O;1;no;339;3021;932062911
padrikusse;NOUN;O;1;no;135;3021;932062911
peitunud;ADJ;O;1;no;1284;3021;932062911
väikesele;ADJ;O;1;no;7543;3021;932062911
lagendikule;NOUN;O;1;no;325;3021;932062911
ronisin;VERB;O;2;no;2354;3021;932062911
ainukese;ADJ;O;1;no;3090;3021;932062911
kasvava;ADJ;O;1;no;8578;3021;932062911
madala;ADJ;O;1;no;32972;3021;932062911
ent;CCONJ;O;2;yes;212369;3021;932062911
jässakaia;ADJ;O;1;no;0;3021;932062911
tugeva;ADJ;O;1;no;50486;3021;932062911
männi;NOUN;O;1;no;2992;3021;932062911
kaua;ADV;O;4;no;149342;3021;932062911
puu;NOUN;O;2;no;1;3021;932062911
teadsin;VERB;O;3;no;1;3021;932062911
peast;NOUN;O;1;no;29914;3021;932062911
männisõbralikult;ADV;O;1;no;0;3021;932062911
harali;ADJ;O;1;no;665;3021;932062911
okste;NOUN;O;1;no;4450;3021;932062911
iga;DET;O;1;yes;2;3021;932062911
mügarust;NOUN;O;1;no;0;3021;932062911
mõhna;NOUN;O;1;no;33;3021;932062911
meelest;ADP;O;3;yes;96986;3021;932062911
tundis;VERB;O;1;no;32099;3021;932062911
puuga;NOUN;O;1;no;3939;3021;932062911
mind;PRON;O;8;yes;1;3021;932062911
teinud;VERB;O;7;yes;303200;3021;932062911
mulle;PRON;O;7;yes;1;3021;932062911
liiga;ADV;O;3;yes;4;3021;932062911
vaikis;VERB;O;1;no;2709;3021;932062911
koos;ADP;O;1;yes;1;3021;932062911
minuga;PRON;O;2;yes;2;3021;932062911
kuulsin;VERB;O;1;no;25151;3021;932062911
südamekloppimist;NOUN;O;1;no;64;3021;932062911
tundus;VERB;O;2;no;1;3021;932062911
tuksukski;VERB;O;1;no;0;3021;932062911
rinnus;NOUN;O;1;no;1917;3021;932062911
vaid;CCONJ;O;3;yes;1232215;3021;932062911
kuulmenahkades;NOUN;O;1;no;0;3021;932062911
surusin;VERB;O;1;no;2546;3021;932062911
käe;NOUN;O;1;no;64628;3021;932062911
koguni;ADV;O;3;yes;58654;3021;932062911
rinnale;NOUN;O;1;no;4690;3021;932062911
põksus;VERB;O;1;no;59;3021;932062911
süda;NOUN;O;1;no;1;3021;932062911
mitte;ADV;O;5;yes;1;3021;932062911
kõrvades;NOUN;O;1;no;680;3021;932062911
läks;VERB;O;1;yes;322964;3021;932062911
viimaks;ADV;O;3;no;28501;3021;932062911
minusse;PRON;O;1;yes;4357;3021;932062911
imbunud;VERB;O;1;no;2736;3021;932062911
piisavalt;ADV;O;1;no;200709;3021;932062911
sooja;ADJ;O;1;no;77156;3021;932062911
magus;ADJ;O;1;no;19307;3021;932062911
kirbet;ADJ;O;1;no;115;3021;932062911
vaiguhõngu;NOUN;O;1;no;0;3021;932062911
alati;ADV;O;3;yes;4;3021;932062911
polnudki;AUX;O;3;no;13397;3021;932062911
lõhn;NOUN;O;1;no;25083;3021;932062911
enamat;ADJ;O;1;yes;21621;3021;932062911
puudutus;NOUN;O;1;no;2978;3021;932062911
silitus;NOUN;O;1;no;42;3021;932062911
uskunud;VERB;O;1;no;13402;3021;932062911
hästi;ADV;O;1;no;1;3021;932062911
isegi;ADV;O;1;yes;2;3021;932062911
koolivend;NOUN;O;1;no;751;3021;932062911
külas;NOUN;O;1;no;1;3021;932062911
käinud;VERB;O;1;no;130517;3021;932062911
rääkimata;VERB;O;1;no;1;3021;932062911
hingematvast;ADJ;O;1;no;38;3021;932062911
ärevusest;NOUN;O;1;no;1287;3021;932062911
mille;PRON;O;2;yes;1;3021;932062911
endaga;PRON;O;1;yes;44446;3021;932062911
kaasa;ADV;O;2;no;1;3021;932062911
tõi;VERB;O;2;no;130231;3021;932062911
palav;ADJ;O;1;no;9969;3021;932062911
otsast;ADP;O;1;yes;37203;3021;932062911
silitasin;VERB;O;1;no;321;3021;932062911
hüvastijätuks;NOUN;O;1;no;724;3021;932062911
tüve;NOUN;O;1;no;5272;3021;932062911
jooksin;VERB;O;1;no;8287;3021;932062911
kust;ADV;O;2;yes;187128;3021;932062911
hüüdeid;NOUN;O;1;no;409;3021;932062911
naeru;NOUN;O;1;no;8249;3021;932062911
veeb;NOUN;O;1;no;2332;3021;932062911
Ladinat;PROPN;O;1;no;0;3021;932062911
aeg;NOUN;O;2;no;1;3021;932062911
asja;NOUN;O;2;no;269947;3021;932062911
juurde;ADP;O;1;yes;557678;3021;932062911
asuda;VERB;O;1;no;24704;3021;932062911
ära;ADV;O;4;yes;1;3021;932062911
püüan;VERB;O;1;no;24909;3021;932062911
anda;VERB;O;1;no;1;3021;932062911
parima;ADJ;O;1;no;98163;3021;932062911
pole;AUX;O;2;yes;1;3021;932062911
kergem;ADJ;O;1;no;33416;3021;932062911
lugu;NOUN;O;1;no;232536;3021;932062911
polegi;AUX;O;1;no;78337;3021;932062911
niivõrd;ADV;O;1;yes;53609;3021;932062911
selles;PRON;O;4;yes;1;3021;932062911
aastakümneid;NOUN;O;1;no;19095;3021;932062911
mälus;NOUN;O;1;no;3360;3021;932062911
korvamatu;ADJ;O;1;no;391;3021;932062911
kustutustöö;NOUN;O;1;no;45;3021;932062911
vaid;ADV;O;5;yes;1232215;3021;932062911
pigem;ADV;O;1;yes;327479;3021;932062911
mida;PRON;O;3;yes;1;3021;932062911
mäletame;VERB;O;1;no;2791;3021;932062911
lapsepõlvest;NOUN;O;1;no;12094;3021;932062911
mällu;NOUN;O;1;no;4622;3021;932062911
talletunud;VERB;O;1;no;737;3021;932062911
teisiti;ADV;O;1;no;53062;3021;932062911
ülejäänud;ADJ;O;1;no;118786;3021;932062911
ühelt;PRON;O;1;yes;42762;3021;932062911
poolt;ADV;O;2;yes;1;3021;932062911
süsteemitult;ADV;O;1;no;65;3021;932062911
teisalt;ADV;O;1;no;33041;3021;932062911
loomulikumalt;ADV;O;1;no;365;3021;932062911
paraku;ADV;O;1;no;106531;3021;932062911
abstraktsemaid;ADJ;O;1;no;67;3021;932062911
hilisem;ADJ;O;1;no;10073;3021;932062911
vähemalt;ADV;O;2;yes;1;3021;932062911
niimoodi;ADV;O;3;yes;68119;3021;932062911
lapsepõlv;NOUN;O;1;no;6318;3021;932062911
teine;PRON;O;1;yes;446264;3021;932062911
aegruum;NOUN;O;1;no;283;3021;932062911
aeglane;ADJ;O;1;no;13967;3021;932062911
pilvesõud;NOUN;O;1;no;0;3021;932062911
sinise;ADJ;O;1;no;12501;3021;932062911
taevavõlvi;NOUN;O;1;no;108;3021;932062911
kõiki;PRON;O;1;yes;3;3021;932062911
väga;ADV;O;5;yes;2;3021;932062911
õhku;NOUN;O;1;no;52674;3021;932062911
ruumi;NOUN;O;2;no;1;3021;932062911
imelikke;ADJ;O;1;no;3064;3021;932062911
mõtteid;NOUN;O;1;no;58975;3021;932062911
sinule;PRON;O;1;yes;10299;3021;932062911
kuuluvat;ADJ;O;1;no;6265;3021;932062911
õnnestav;ADJ;O;1;no;79;3021;932062911
hirmutav;ADJ;O;1;no;6929;3021;932062911
samas;ADV;O;3;yes;1;3021;932062911
iseloomulik;ADJ;O;1;no;10179;3021;932062911
ainuvõimalik;ADJ;O;1;no;1457;3021;932062911
ise;ADV;O;1;yes;1;3021;932062911
väike;ADJ;O;2;no;261928;3021;932062911
muu;PRON;O;1;yes;1;3021;932062911
tähtsust;NOUN;O;1;no;26964;3021;932062911
päevadel;NOUN;O;1;no;30466;3021;932062911
nimetustel;NOUN;O;1;no;38;3021;932062911
järjestusel;NOUN;O;1;no;36;3021;932062911
üksainuski;NOUN;O;1;no;96;3021;932062911
neist;PRON;O;1;yes;1;3021;932062911
pikk;ADJ;O;1;no;1;3021;932062911
värviline;ADJ;O;1;no;8658;3021;932062911
täiskasvanud;ADJ;O;1;no;36189;3021;932062911
inimese;NOUN;O;1;no;1;3021;932062911
aasta;NOUN;O;1;no;2;3021;932062911
mäletan;VERB;O;1;no;49289;3021;932062911
sel;DET;O;1;yes;1;3021;932062911
päeval;NOUN;O;1;no;235776;3021;932062911
kõvasti;ADV;O;3;no;77867;3021;932062911
vihma;NOUN;O;3;no;40193;3021;932062911
sadanud;VERB;O;1;no;5512;3021;932062911
oodatud;ADJ;O;1;no;68894;3021;932062911
treeningsõidud;NOUN;O;1;no;208;3021;932062911
ringrajal;NOUN;O;1;no;3778;3021;932062911
jäid;VERB;O;1;no;78191;3021;932062911
pika;ADJ;O;2;no;80064;3021;932062911
ootamise;NOUN;O;1;no;2077;3021;932062911
järel;ADP;O;2;yes;1;3021;932062911
siiski;ADV;O;4;yes;566546;3021;932062911
niisiis;ADV;O;2;yes;49572;3021;932062911
olime;AUX;O;4;yes;77532;3021;932062911
üsna;ADV;O;1;yes;1;3021;932062911
asjatu;ADJ;O;1;no;2519;3021;932062911
matkatrassi;NOUN;O;1;no;2;3021;932062911
tagasiteel;NOUN;O;1;no;4404;3021;932062911
veidi;ADV;O;1;no;1;3021;932062911
mossis;ADJ;O;1;no;765;3021;932062911
päev;NOUN;O;1;no;1;3021;932062911
enam-vähem;ADV;O;1;no;34691;3021;932062911
nurja;NOUN;O;1;no;531;3021;932062911
läinud;VERB;O;1;yes;5;3021;932062911
kirgastanud;VERB;O;1;no;25;3021;932062911
ükski;DET;O;2;no;1;3021;932062911
terav;ADJ;O;1;no;12113;3021;932062911
idee;NOUN;O;1;no;101687;3021;932062911
Väike-Arvi;PROPN;O;2;no;0;3021;932062911
hädaldaseta;ADJ;O;1;no;0;3021;932062911
sandaletid;NOUN;O;1;no;30;3021;932062911
märjad;ADJ;O;1;no;4644;3021;932062911
kaks;NUM;O;1;no;2;3021;932062911
aastat;NOUN;O;1;no;581405;3021;932062911
vanem;ADJ;O;1;no;53501;3021;932062911
Tõnu;PROPN;O;1;no;35437;3021;932062911
poisi;NOUN;O;3;no;18607;3021;932062911
onu;NOUN;O;2;no;17834;3021;932062911
sest;SCONJ;O;5;yes;1;3021;932062911
Arvi;PROPN;O;4;no;3932;3021;932062911
ema;NOUN;O;1;no;219976;3021;932062911
Tõnni;PROPN;O;1;no;271;3021;932062911
vanematest;NOUN;O;1;no;5874;3021;932062911
õdedest;NOUN;O;1;no;883;3021;932062911
togis;NOUN;O;1;no;128;3021;932062911
piripilli;NOUN;O;1;no;15;3021;932062911
kuklasse;NOUN;O;1;no;3083;3021;932062911
sosistas;VERB;O;1;no;3506;3021;932062911
läbi;ADP;O;4;yes;1;3021;932062911
nina;NOUN;O;2;no;43627;3021;932062911
tähendab;VERB;O;1;no;307512;3021;932062911
eriti;ADV;O;1;no;3;3021;932062911
metsikut;ADJ;O;1;no;1681;3021;932062911
aimamatut;ADJ;O;1;no;12;3021;932062911
meeleolu;NOUN;O;1;no;23774;3021;932062911
kawellaksed;NOUN;O;1;no;0;3021;932062911
Villem;PROPN;O;10;no;5018;3021;932062911
Mart;PROPN;O;5;no;2;3021;932062911
olid;AUX;O;5;yes;1;3021;932062911
hakanud;VERB;O;1;yes;89906;3021;932062911
omavahel;ADV;O;1;yes;2;3021;932062911
vaikselt;ADV;O;2;no;73598;3021;932062911
mäklema;VERB;O;1;no;0;3021;932062911
paha;ADJ;O;1;no;40042;3021;932062911
märk;NOUN;O;1;no;28913;3021;932062911
koduse;ADJ;O;1;no;11738;3021;932062911
linnuse;NOUN;O;2;no;7186;3021;932062911
lähedusse;NOUN;O;1;no;6559;3021;932062911
tegime;VERB;O;1;yes;55662;3021;932062911
peatuse;NOUN;O;1;no;5603;3021;932062911
vanal;ADJ;O;1;no;9501;3021;932062911
puusilla;NOUN;O;1;no;44;3021;932062911
alla;ADP;O;4;yes;1;3021;932062911
rinnutasime;VERB;O;1;no;0;3021;932062911
piirde;NOUN;O;1;no;1029;3021;932062911
najale;NOUN;O;1;yes;1191;3021;932062911
hakkasime;VERB;O;1;yes;17113;3021;932062911
vette;NOUN;O;1;no;26969;3021;932062911
sülitama;VERB;O;1;no;305;3021;932062911
sülitad;VERB;O;1;no;108;3021;932062911
pealegi;ADV;O;1;no;52035;3021;932062911
tibutada;VERB;O;1;no;39;3021;932062911
mitu;DET;O;3;yes;284945;3021;932062911
tookord;ADV;O;1;no;14116;3021;932062911
koos;ADV;O;2;yes;1;3021;932062911
võis;AUX;O;2;yes;3;3021;932062911
tosinat;NUM;O;1;no;1372;3021;932062911
poissi;NOUN;O;2;no;12146;3021;932062911
ehk;ADV;O;2;yes;1;3021;932062911
ütleme;VERB;O;1;no;25688;3021;932062911
Tiit;PROPN;O;8;no;33095;3021;932062911
Raivo;PROPN;O;5;no;18052;3021;932062911
Tõnn;PROPN;O;4;no;983;3021;932062911
parim;ADJ;O;1;no;200777;3021;932062911
koosseis;NOUN;O;1;no;13121;3021;932062911
suurte;ADJ;O;1;no;68929;3021;932062911
tegude;NOUN;O;1;no;12336;3021;932062911
alustamiseks;NOUN;O;1;no;9305;3021;932062911
mõned;PRON;O;1;yes;1;3021;932062911
meist;PRON;O;1;yes;60977;3021;932062911
tõesti;ADV;O;2;yes;1;3021;932062911
liidrid;NOUN;O;2;no;7365;3021;932062911
raudvara;NOUN;O;1;no;1511;3021;932062911
näiteks;ADV;O;1;no;1;3021;932062911
tülikas;ADJ;O;2;no;3851;3021;932062911
väikemees;NOUN;O;1;no;766;3021;932062911
keda;PRON;O;1;yes;174817;3021;932062911
eraldi;ADV;O;1;no;186261;3021;932062911
õue;NOUN;O;1;no;26722;3021;932062911
vilistatud;VERB;O;1;no;289;3021;932062911
teha;VERB;O;1;yes;1;3021;932062911
elas;VERB;O;1;no;43773;3021;932062911
Tõnuga;PROPN;O;1;no;208;3021;932062911
Arvil;PROPN;O;1;no;34;3021;932062911
oodata;VERB;O;1;no;109716;3021;932062911
suurpäeva;NOUN;O;2;no;46;3021;932062911
mil;ADV;O;2;yes;170919;3021;932062911
kamp;NOUN;O;3;no;1;3021;932062911
talle;PRON;O;3;yes;1;3021;932062911
vilet;NOUN;O;1;no;1642;3021;932062911
laseb;VERB;O;2;no;34023;3021;932062911
rangeid;ADJ;O;1;no;2033;3021;932062911
vanuse;NOUN;O;1;no;15133;3021;932062911
piire;NOUN;O;1;no;20781;3021;932062911
aga;ADV;O;3;yes;1;3021;932062911
tähendas;VERB;O;2;no;27626;3021;932062911
kam;NOUN;O;1;no;101;3021;932062911
jälginud;VERB;O;1;no;9562;3021;932062911
vaaginud;ADJ;O;1;no;298;3021;932062911
au;NOUN;O;2;no;40552;3021;932062911
osutanud;VERB;O;1;no;2647;3021;932062911
enda;PRON;O;4;yes;2;3021;932062911
hulka;ADP;O;2;yes;115932;3021;932062911
kutsunud;VERB;O;1;no;13023;3021;932062911
vile;NOUN;O;5;no;3070;3021;932062911
sellele;PRON;O;2;yes;1;3021;932062911
järgnenud;VERB;O;1;no;13254;3021;932062911
kuigi;SCONJ;O;3;yes;497733;3021;932062911
pikki;ADJ;O;1;no;1;3021;932062911
jutte;NOUN;O;1;no;9961;3021;932062911
rituaale;NOUN;O;1;no;1402;3021;932062911
endal;PRON;O;2;yes;102136;3021;932062911
taibukas;ADJ;O;1;no;575;3021;932062911
võimalikult;ADV;O;1;no;1;3021;932062911
ruttu;ADV;O;1;no;33254;3021;932062911
omandada;VERB;O;1;no;17241;3021;932062911
uue;ADJ;O;2;no;452395;3021;932062911
elukorralduse;NOUN;O;1;no;2139;3021;932062911
mitmed;DET;O;1;yes;97581;3021;932062911
kirjutamata;ADJ;O;1;no;3953;3021;932062911
õigused;NOUN;O;1;no;26175;3021;932062911
kohustused;NOUN;O;1;no;1;3021;932062911
osanud;VERB;O;2;no;50845;3021;932062911
karta;VERB;O;1;no;21728;3021;932062911
virila;NOUN;O;1;no;105;3021;932062911
käitumisega;NOUN;O;1;no;6544;3021;932062911
lükkab;VERB;O;1;no;10453;3021;932062911
otsustaja;NOUN;O;1;no;1503;3021;932062911
liidrite;NOUN;O;2;no;4024;3021;932062911
kuulunud;VERB;O;1;no;20446;3021;932062911
päris;ADJ;O;1;yes;1;3021;932062911
liidriks;NOUN;O;1;no;6964;3021;932062911
tõusnud;VERB;O;1;no;44238;3021;932062911
maa;NOUN;O;1;no;1;3021;932062911
kodu;NOUN;O;1;no;137252;3021;932062911
kambas;NOUN;O;2;no;1380;3021;932062911
kunagi;ADV;O;1;yes;1;3021;932062911
enne;ADV;O;2;yes;1;3021;932062911
sai;VERB;O;1;yes;1;3021;932062911
poisipõlv;NOUN;O;1;no;14;3021;932062911
otsa;ADV;O;2;yes;151939;3021;932062911
võinud;AUX;O;2;yes;53294;3021;932062911
ennast;PRON;O;3;yes;2;3021;932062911
pidada;VERB;O;2;yes;1;3021;932062911
raudliikmeks;NOUN;O;1;no;0;3021;932062911
esimene;ADJ;O;2;no;1;3021;932062911
määratud;ADJ;O;1;no;67895;3021;932062911
kõlanud;VERB;O;1;no;5967;3021;932062911
paar;NUM;O;1;no;1;3021;932062911
kevadet;NOUN;O;1;no;7186;3021;932062911
tagasi;ADP;O;1;yes;2;3021;932062911
harilik;ADJ;O;1;no;7396;3021;932062911
lihtliige;NOUN;O;1;no;174;3021;932062911
innukas;ADJ;O;1;no;1393;3021;932062911
aitas;VERB;O;1;no;48562;3021;932062911
sellestki;PRON;O;1;no;3723;3021;932062911
pidasin;VERB;O;1;yes;12119;3021;932062911
kampa;NOUN;O;2;no;5270;3021;932062911
kuulumist;NOUN;O;1;no;1675;3021;932062911
suureks;ADJ;O;1;no;60062;3021;932062911
asjaks;NOUN;O;1;no;3624;3021;932062911
auahnus;NOUN;O;1;no;285;3021;932062911
uinus;VERB;O;1;no;621;3021;932062911
alles;ADV;O;1;yes;353389;3021;932062911
suundunute;NOUN;O;1;no;6;3021;932062911
isale;NOUN;O;1;no;9719;3021;932062911
tibutama;VERB;O;1;no;309;3021;932062911
taevas;NOUN;O;1;no;30877;3021;932062911
kiskus;VERB;O;1;no;4360;3021;932062911
aina;ADV;O;1;yes;76473;3021;932062911
tumedamaks;ADJ;O;2;no;1959;3021;932062911
kõrge;ADJ;O;1;no;134548;3021;932062911
linnuseküngas;NOUN;O;1;no;10;3021;932062911
tooni;NOUN;O;1;no;25338;3021;932062911
nägi;VERB;O;1;no;63425;3021;932062911
välja;ADV;O;6;yes;1;3021;932062911
oleks;AUX;O;1;yes;1;3021;932062911
sügis;NOUN;O;1;no;14801;3021;932062911
no;INTJ;O;4;no;1;3021;932062911
kutid;NOUN;O;1;no;3683;3021;932062911
lähme;VERB;O;2;yes;18966;3021;932062911
karjatasin;VERB;O;1;no;249;3021;932062911
onni;NOUN;O;7;no;1679;3021;932062911
koe;NOUN;O;1;no;1241;3021;932062911
teile;PRON;O;2;yes;136281;3021;932062911
ausalt;ADV;O;1;no;1;3021;932062911
valeta;VERB;O;1;no;3150;3021;932062911
karje;NOUN;O;1;no;705;3021;932062911
rebis;VERB;O;1;no;2702;3021;932062911
end;PRON;O;1;yes;467225;3021;932062911
seest;ADP;O;1;yes;1;3021;932062911
kähku;ADV;O;1;no;9302;3021;932062911
ootamatult;ADV;O;1;no;39956;3021;932062911
parata;ADV;O;1;no;7154;3021;932062911
selle;DET;O;3;yes;2;3021;932062911
karjatuse;NOUN;O;1;no;140;3021;932062911
peremees;NOUN;O;1;no;17413;3021;932062911
sain;VERB;O;3;yes;269417;3021;932062911
riskantset;ADJ;O;1;no;241;3021;932062911
hirmsat;ADJ;O;1;no;2724;3021;932062911
ilmselt;ADV;O;2;no;335103;3021;932062911
mõõtka;NOUN;O;1;no;0;3021;932062911
ääreni;NOUN;O;1;no;2120;3021;932062911
täis;ADV;O;1;no;213770;3021;932062911
pärast;ADP;O;1;yes;2;3021;932062911
visiiti;NOUN;O;1;no;2734;3021;932062911
suutnud;VERB;O;1;no;111194;3021;932062911
kõike;PRON;O;1;yes;3;3021;932062911
endale;PRON;O;1;yes;2;3021;932062911
ületas;VERB;O;1;no;15142;3021;932062911
võimed;NOUN;O;1;no;6741;3021;932062911
võimalused;NOUN;O;1;no;71733;3021;932062911
sõprade;NOUN;O;2;no;29079;3021;932062911
muutunud;ADJ;O;1;no;122893;3021;932062911
ilmed;NOUN;O;1;no;404;3021;932062911
ütlesid;VERB;O;1;no;29441;3021;932062911
mõjunud;VERB;O;1;no;7032;3021;932062911
veenvalt;ADV;O;2;no;4655;3021;932062911
toimis;VERB;O;1;no;12690;3021;932062911
camp;NOUN;O;1;no;643;3021;932062911
otsustavatel;ADJ;O;1;no;994;3021;932062911
puhkudel;NOUN;O;1;no;5232;3021;932062911
algava;ADJ;O;1;no;5139;3021;932062911
vihmaga;NOUN;O;1;no;3575;3021;932062911
võidu;NOUN;O;1;yes;82650;3021;932062911
joostes;VERB;O;2;no;6515;3021;932062911
kiirelt;ADV;O;1;no;91173;3021;932062911
asjalikult;ADV;O;1;no;1737;3021;932062911
nobedalt;ADV;O;1;no;735;3021;932062911
mööda;ADP;O;1;yes;1;3021;932062911
jõeäärset;ADJ;O;1;no;154;3021;932062911
jalgrada;NOUN;O;1;no;606;3021;932062911
karates;NOUN;O;1;no;427;3021;932062911
küngaste;NOUN;O;1;no;860;3021;932062911
üles;ADV;O;1;yes;1;3021;932062911
lõunaservast;NOUN;O;1;no;24;3021;932062911
paremale;ADV;O;1;no;23098;3021;932062911
rabinal;ADV;O;1;no;40;3021;932062911
läbimärgade;NOUN;O;1;no;39;3021;932062911
põõsaste;NOUN;O;1;no;3604;3021;932062911
mehe;NOUN;O;1;no;1;3021;932062911
kõrguste;ADJ;O;1;no;2148;3021;932062911
putke;NOUN;O;1;no;111;3021;932062911
puhmade;NOUN;O;1;no;4;3021;932062911
paljajalu;ADV;O;1;no;4524;3021;932062911
madalaga;NOUN;O;1;no;33;3021;932062911
libedapõhjaga;NOUN;O;1;no;0;3021;932062911
kärestiku;NOUN;O;1;no;232;3021;932062911
kaldale;NOUN;O;1;no;8063;3021;932062911
kus;ADV;O;1;yes;1;3021;932062911
kahvatu;ADJ;O;1;no;3466;3021;932062911
külmetav;ADJ;O;1;no;112;3021;932062911
viriseb;VERB;O;1;no;572;3021;932062911
samas;DET;O;1;yes;1;3021;932062911
uudishimust;NOUN;O;1;no;2620;3021;932062911
pakatav;ADJ;O;1;no;1496;3021;932062911
jõmpsikas;NOUN;O;1;no;265;3021;932062911
kategooriliselt;ADV;O;1;no;2974;3021;932062911
käratati;VERB;O;1;no;61;3021;932062911
kükitasime;VERB;O;1;no;74;3021;932062911
onnis;NOUN;O;3;no;486;3021;932062911
koopaks;NOUN;O;1;no;61;3021;932062911
nimetada;VERB;O;1;no;43367;3021;932062911
eelmise;ADJ;O;1;yes;132699;3021;932062911
suve;NOUN;O;1;no;55212;3021;932062911
lõpul;NOUN;O;1;no;20637;3021;932062911
kaevanud;VERB;O;1;no;2518;3021;932062911
pehmesse;ADJ;O;1;no;672;3021;932062911
kalda;NOUN;O;1;no;4025;3021;932062911
järsakusse;NOUN;O;1;no;13;3021;932062911
ebaloomulikult;ADV;O;1;no;973;3021;932062911
risti-põiki;NOUN;O;1;no;458;3021;932062911
vähendu;NOUN;O;1;no;0;3021;932062911
kasvanud;VERB;O;1;no;79856;3021;932062911
sarapuude;NOUN;O;1;no;98;3021;932062911
sõnajalgade;NOUN;O;1;no;328;3021;932062911
nõgeste;ADJ;O;1;no;146;3021;932062911
tihedasse;ADJ;O;1;no;481;3021;932062911
varju;NOUN;O;1;no;18061;3021;932062911
avastanud;VERB;O;1;no;12547;3021;932062911
vaenulik;ADJ;O;1;no;1809;3021;932062911
silm;NOUN;O;2;no;21994;3021;932062911
nüüdistusime;VERB;O;1;no;0;3021;932062911
seinte;NOUN;O;1;no;9960;3021;932062911
ääres;ADP;O;1;yes;83845;3021;932062911
kel;PRON;O;1;yes;68658;3021;932062911
jalad;NOUN;O;1;no;53404;3021;932062911
sirgu;ADV;O;1;no;3496;3021;932062911
kelme;NOUN;O;1;no;264;3021;932062911
lõua;NOUN;O;1;no;3015;3021;932062911
upitatud;VERB;O;1;no;222;3021;932062911
jäi;VERB;O;1;no;335822;3021;932062911
lahedasti;ADV;O;1;no;378;3021;932062911
ülegi;ADV;O;1;no;2214;3021;932062911
praokil;NOUN;O;1;no;270;3021;932062911
ukse;NOUN;O;2;no;74119;3021;932062911
taga;ADP;O;1;yes;1;3021;932062911
sahisesid;VERB;O;1;no;123;3021;932062911
puulehed;NOUN;O;1;no;752;3021;932062911
krabises;VERB;O;1;no;67;3021;932062911
vihm;NOUN;O;1;no;15312;3021;932062911
jahe;ADJ;O;1;no;9850;3021;932062911
hämar;ADJ;O;1;no;2447;3021;932062911
õhtul;NOUN;O;1;no;207105;3021;932062911
lae;NOUN;O;1;no;13948;3021;932062911
alt;ADP;O;1;yes;1;3021;932062911
riiulilt;NOUN;O;1;no;1449;3021;932062911
mahuka;ADJ;O;1;no;3157;3021;932062911
plekk-karbi;NOUN;O;1;no;20;3021;932062911
hoiti;VERB;O;1;no;6841;3021;932062911
väärisasju;NOUN;O;1;no;75;3021;932062911
mängukaarte;NOUN;O;1;no;181;3021;932062911
märkmikke;ADJ;O;1;no;278;3021;932062911
pliiatseid;NOUN;O;1;no;819;3021;932062911
kahe;NUM;O;1;no;331369;3021;932062911
teraga;NOUN;O;1;no;2242;3021;932062911
taskunuga;ADJ;O;1;no;478;3021;932062911
tubakavarusid;NOUN;O;1;no;0;3021;932062911
jõgike;VERB;O;1;no;0;3021;932062911
suitsetasid;VERB;O;1;no;492;3021;932062911
kolm;NUM;O;1;no;357415;3021;932062911
suuremat;ADJ;O;1;no;73961;3021;932062911
tiit;NOUN;O;1;no;3;3021;932062911
tihti;ADV;O;3;no;167105;3021;932062911
tegu;NOUN;O;3;no;200874;3021;932062911
käis;VERB;O;1;no;122525;3021;932062911
kaasas;ADV;O;1;yes;90862;3021;932062911
nende;DET;O;3;yes;2;3021;932062911
positsiooniga;NOUN;O;1;no;1339;3021;932062911
hierarhias;NOUN;O;1;no;1168;3021;932062911
suitsutunnil;NOUN;O;1;no;1;3021;932062911
kaalukas;ADJ;O;1;no;1439;3021;932062911
põhjus;NOUN;O;1;no;86785;3021;932062911
pabeross;NOUN;O;1;no;36;3021;932062911
sigarit;NOUN;O;1;no;394;3021;932062911
probleeme;NOUN;O;1;no;112833;3021;932062911
mõnikord;ADV;O;2;yes;2;3021;932062911
märgistas;VERB;O;1;no;167;3021;932062911
sõjaga;NOUN;O;1;no;1604;3021;932062911
väikest;ADJ;O;1;no;40412;3021;932062911
pidu;NOUN;O;1;no;1;3021;932062911
suitsetamine;NOUN;O;1;no;7809;3021;932062911
ehk;CCONJ;O;1;yes;1;3021;932062911
kõhvimine;NOUN;O;1;no;0;3021;932062911
kangelaslik;ADJ;O;1;no;517;3021;932062911
tegi;VERB;O;1;yes;277360;3021;932062911
näod;NOUN;O;1;no;7497;3021;932062911
süngeks;ADJ;O;1;no;391;3021;932062911
ning;CCONJ;O;5;yes;5765046;3021;932062911
ajas;VERB;O;1;no;54433;3021;932062911
neid;PRON;O;3;yes;1;3021;932062911
sülgama;VERB;O;1;no;55;3021;932062911
köhima;VERB;O;1;no;949;3021;932062911
enne;ADP;O;1;yes;1;3021;932062911
kojuminekut;NOUN;O;1;no;460;3021;932062911
närisid;VERB;O;1;no;338;3021;932062911
murelikult;ADV;O;1;no;2576;3021;932062911
noori;ADJ;O;1;no;45629;3021;932062911
kuuseokkaid;NOUN;O;1;no;91;3021;932062911
need;PRON;O;1;yes;1283582;3021;932062911
pidid;AUX;O;1;yes;1;3021;932062911
tubaka;NOUN;O;1;no;2512;3021;932062911
võtma;VERB;O;1;no;107646;3021;932062911
tekkisid;VERB;O;1;no;1;3021;932062911
sellesse;DET;O;1;yes;1;3021;932062911
vanaaegsesse;ADJ;O;1;no;34;3021;932062911
plekk-karpi;NOUN;O;1;no;14;3021;932062911
pidevalt;ADV;O;2;no;152117;3021;932062911
uued;ADJ;O;1;no;1;3021;932062911
sigaretid;NOUN;O;1;no;1130;3021;932062911
paberusid;NOUN;O;1;no;0;3021;932062911
teadnud;VERB;O;1;no;45585;3021;932062911
paarikümne;NUM;O;1;no;8650;3021;932062911
ringis;ADP;O;1;yes;29715;3021;932062911
varuks;NOUN;O;1;no;6822;3021;932062911
vaatasime;VERB;O;1;no;14670;3021;932062911
kolmik;NOUN;O;1;no;3062;3021;932062911
paberossid;NOUN;O;1;no;40;3021;932062911
süütas;VERB;O;1;no;2456;3021;932062911
punn;NOUN;O;1;no;1440;3021;932062911
täitus;VERB;O;1;no;5960;3021;932062911
kirbe;ADJ;O;1;no;347;3021;932062911
vinega;NOUN;O;1;no;34;3021;932062911
sülitas;VERB;O;3;no;934;3021;932062911
meisterlikult;ADV;O;1;no;1965;3021;932062911
tekkis;VERB;O;1;no;106765;3021;932062911
vaikus;NOUN;O;2;no;17813;3021;932062911
vihmakrabin;NOUN;O;1;no;17;3021;932062911
väljas;ADV;O;1;yes;98220;3021;932062911
üksik;ADJ;O;1;no;13035;3021;932062911
tuulehoog;NOUN;O;1;no;416;3021;932062911
kohal;ADP;O;1;yes;212505;3021;932062911
ülal;ADV;O;1;yes;12460;3021;932062911
sarapikkus;ADJ;O;1;no;0;3021;932062911
tajusin;VERB;O;1;no;2329;3021;932062911
nägin;VERB;O;1;no;1;3021;932062911
vaatavad;VERB;O;1;no;19144;3021;932062911
ütle;VERB;O;1;no;36962;3021;932062911
ütelda;VERB;O;1;no;9672;3021;932062911
lausus;VERB;O;2;no;77352;3021;932062911
huuled;NOUN;O;1;no;7791;3021;932062911
peened;ADJ;O;1;no;3728;3021;932062911
karmid;ADJ;O;1;no;6707;3021;932062911
jahedalt;ADV;O;1;no;515;3021;932062911
umbusklik;ADJ;O;1;no;1646;3021;932062911
kissitas;VERB;O;1;no;201;3021;932062911
sinaka;ADJ;O;1;no;584;3021;932062911
suitsupilve;NOUN;O;1;no;229;3021;932062911
hoidis;VERB;O;1;no;22590;3021;932062911
miski;PRON;O;1;yes;1;3021;932062911
vaevas;VERB;O;1;no;1518;3021;932062911
lihtne;ADJ;O;1;no;1;3021;932062911
mure;NOUN;O;1;no;54483;3021;932062911
kartsin;VERB;O;1;no;11059;3021;932062911
naerdakse;VERB;O;1;no;751;3021;932062911
pole;VERB;O;1;yes;1;3021;932062911
koledamat;ADJ;O;1;no;151;3021;932062911
ühe;DET;O;1;yes;2;3021;932062911
su;PRON;O;2;yes;217135;3021;932062911
naerab;VERB;O;1;no;12731;3021;932062911
kuhugi;ADV;O;1;yes;61973;3021;932062911
taganeda;VERB;O;1;no;3371;3021;932062911
hakkasin;VERB;O;1;yes;66079;3021;932062911
ütlesin;VERB;O;3;no;51956;3021;932062911
kähedaja;ADJ;O;1;no;0;3021;932062911
umbse;ADJ;O;1;no;132;3021;932062911
häälega;NOUN;O;1;no;21840;3021;932062911
sääraseks;ADJ;O;1;yes;271;3021;932062911
muutusse;NOUN;O;1;no;18;3021;932062911
pabistasin;VERB;O;1;no;322;3021;932062911
luu;NOUN;O;1;no;3100;3021;932062911
tahan;VERB;O;1;no;108166;3021;932062911
neile;PRON;O;1;yes;1;3021;932062911
usaldas;VERB;O;1;no;1950;3021;932062911
inimene;NOUN;O;1;no;352593;3021;932062911
kelle;PRON;O;1;yes;349125;3021;932062911
nime;NOUN;O;1;no;1;3021;932062911
tohi;AUX;O;1;no;138076;3021;932062911
paljastada;VERB;O;1;no;2869;3021;932062911
miks;ADV;O;1;yes;1;3021;932062911
räägiti;VERB;O;2;no;21937;3021;932062911
raamatus;NOUN;O;1;no;45382;3021;932062911
kõlas;VERB;O;1;no;16685;3021;932062911
lisasin;VERB;O;1;no;13875;3021;932062911
Uiedalt;PROPN;O;1;no;0;3021;932062911
minul;PRON;O;2;yes;1;3021;932062911
kohta;ADP;O;1;yes;1;3021;932062911
mõningaid;DET;O;1;yes;21254;3021;932062911
täpsustasin;VERB;O;1;no;244;3021;932062911
tegelikult;ADV;O;1;no;1;3021;932062911
usu;VERB;O;1;no;1;3021;932062911
kuigivõrd;ADV;O;1;no;3973;3021;932062911
tonte;NOUN;O;1;no;448;3021;932062911
viirastusi;NOUN;O;1;no;171;3021;932062911
kõiki;DET;O;2;yes;3;3021;932062911
neid;DET;O;1;yes;1;3021;932062911
lastejutte;NOUN;O;1;no;130;3021;932062911
poisid;NOUN;O;2;no;45796;3021;932062911
vist;ADV;O;2;yes;7;3021;932062911
küllalt;ADV;O;1;no;24803;3021;932062911
kohutavalt;ADV;O;2;no;17049;3021;932062911
kord;NOUN;O;1;no;1;3021;932062911
pikalt;ADV;O;3;no;82908;3021;932062911
sõna;NOUN;O;1;no;1;3021;932062911
pikad;ADJ;O;1;no;35839;3021;932062911
jutud;NOUN;O;1;no;17372;3021;932062911
üldiselt;ADV;O;1;no;1;3021;932062911
sees;ADP;O;3;yes;1;3021;932062911
kuulati;VERB;O;1;no;4064;3021;932062911
imeline;ADJ;O;1;no;28984;3021;932062911
kogemus;NOUN;O;1;no;84137;3021;932062911
millalgi;ADV;O;1;yes;16023;3021;932062911
pääses;VERB;O;1;no;31976;3021;932062911
hääl;NOUN;O;1;no;43706;3021;932062911
ummuksist;NOUN;O;1;no;0;3021;932062911
valla;NOUN;O;1;no;131909;3021;932062911
kõlama;VERB;O;1;no;7774;3021;932062911
Ena;PROPN;O;1;yes;257;3021;932062911
lausa;ADV;O;2;no;160435;3021;932062911
voolama;VERB;O;1;no;3528;3021;932062911
loomulikult;ADV;O;1;no;169687;3021;932062911
teada;VERB;O;1;no;1;3021;932062911
tol;DET;O;1;yes;41011;3021;932062911
hetkel;NOUN;O;1;no;1;3021;932062911
tabas;VERB;O;1;no;29322;3021;932062911
inspiratsioon;NOUN;O;1;no;3303;3021;932062911
tõeline;ADJ;O;1;no;1;3021;932062911
loominguline;ADJ;O;1;no;8397;3021;932062911
protsess;NOUN;O;1;no;1;3021;932062911
muud;PRON;O;2;yes;302198;3021;932062911
kasvatasin;VERB;O;1;no;850;3021;932062911
detailide;NOUN;O;1;no;8886;3021;932062911
liha;NOUN;O;1;no;1;3021;932062911
ühele;DET;O;1;yes;1;3021;932062911
punktiivsele;ADJ;O;1;no;0;3021;932062911
Süsele;PROPN;O;1;no;0;3021;932062911
kõne;NOUN;O;1;no;49353;3021;932062911
balangu;NOUN;O;1;no;0;3021;932062911
ajal;ADP;O;2;no;1;3021;932062911
õieti;ADV;O;1;no;23287;3021;932062911
erakordset;ADJ;O;1;no;4457;3021;932062911
osalesin;VERB;O;1;no;4243;3021;932062911
ühena;PRON;O;1;yes;2785;3021;932062911
paljudest;PRON;O;1;no;1;3021;932062911
ajastu;NOUN;O;1;no;20445;3021;932062911
folkloorilihvimisel;NOUN;O;1;no;0;3021;932062911
küllap;ADV;O;1;no;40177;3021;932062911
sünnibki;VERB;O;1;no;543;3021;932062911
rahvaluule;NOUN;O;1;no;4916;3021;932062911
elustasin;VERB;O;1;no;33;3021;932062911
täiustasin;VERB;O;1;no;61;3021;932062911
üht;DET;O;2;yes;1;3021;932062911
aktuaalset;ADJ;O;1;no;975;3021;932062911
õudusjuttu;NOUN;O;1;no;37;3021;932062911
hiiglaslikust;ADJ;O;1;no;366;3021;932062911
käest;ADP;O;2;yes;108479;3021;932062911
ootab;VERB;O;1;no;105306;3021;932062911
hõreda;ADJ;O;1;no;1260;3021;932062911
rohukamara;ADJ;O;1;no;53;3021;932062911
mullakihi;NOUN;O;1;no;239;3021;932062911
paksu;ADJ;O;1;no;15074;3021;932062911
paekivi;NOUN;O;1;no;1856;3021;932062911
lademe;NOUN;O;1;no;765;3021;932062911
all;ADP;O;1;yes;1;3021;932062911
tundi;NOUN;O;1;no;179391;3021;932062911
viskuda;VERB;O;1;no;307;3021;932062911
kättemaksuriistana;NOUN;O;1;no;0;3021;932062911
kõrgele;ADV;O;1;no;15341;3021;932062911
taevasse;NOUN;O;1;no;8892;3021;932062911
püüda;VERB;O;2;no;25901;3021;932062911
ülbe;ADJ;O;1;no;4906;3021;932062911
sõjalennuk;NOUN;O;1;no;284;3021;932062911
lõpetasin;VERB;O;1;no;12065;3021;932062911
püsis;VERB;O;1;no;11232;3021;932062911
piinav;ADJ;O;1;no;786;3021;932062911
maha;ADV;O;1;no;1;3021;932062911
Marta;PROPN;O;1;no;9757;3021;932062911
näris;VERB;O;1;no;1151;3021;932062911
keskendunult;ADV;O;1;no;980;3021;932062911
rohukõrt;NOUN;O;1;no;40;3021;932062911
kestis;VERB;O;1;no;22930;3021;932062911
seni;ADV;O;1;yes;1;3021;932062911
kuni;SCONJ;O;1;yes;1;3021;932062911
naeratas;VERB;O;2;no;10665;3021;932062911
heatahtliku;ADJ;O;1;no;719;3021;932062911
suure;ADJ;O;1;no;314613;3021;932062911
naeratust;NOUN;O;1;no;2220;3021;932062911
sõja;NOUN;O;1;no;36638;3021;932062911
päriselt;ADV;O;1;no;8;3021;932062911
tahtmed;NOUN;O;1;no;0;3021;932062911
hajameelselt;ADV;O;1;no;761;3021;932062911
lakke;NOUN;O;1;no;8582;3021;932062911
vahtides;VERB;O;1;no;877;3021;932062911
minuvanune;ADJ;O;1;no;283;3021;932062911
suurt;ADJ;O;1;no;1;3021;932062911
konti;NOUN;O;1;no;1235;3021;932062911
lihtsameelne;ADJ;O;1;no;940;3021;932062911
poiss;NOUN;O;4;no;65353;3021;932062911
kellest;PRON;O;1;yes;58440;3021;932062911
valdavad;VERB;O;1;no;3021;3021;932062911
imelikud;ADJ;O;1;no;5002;3021;932062911
vihahood;NOUN;O;1;no;96;3021;932062911
määratas;VERB;O;1;no;0;3021;932062911
pead;NOUN;O;3;yes;136572;3021;932062911
hobune;NOUN;O;1;no;10984;3021;932062911
purskas;VERB;O;1;no;885;3021;932062911
kiledalt;ADV;O;1;no;77;3021;932062911
paiskad;NOUN;O;1;no;51;3021;932062911
võite;AUX;O;1;yes;60881;3021;932062911
lolliks;ADJ;O;1;no;7313;3021;932062911
naerda;VERB;O;1;no;12804;3021;932062911
olen;AUX;O;2;yes;1162614;3021;932062911
sihukest;DET;O;2;yes;1453;3021;932062911
kondist;NOUN;O;1;no;202;3021;932062911
luukere;NOUN;O;1;no;989;3021;932062911
kätt;NOUN;O;1;no;36222;3021;932062911
korda;NOUN;O;1;no;1;3021;932062911
unes;NOUN;O;1;no;1;3021;932062911
näinud;VERB;O;2;no;1;3021;932062911
tõuseks;VERB;O;1;no;3598;3021;932062911
kusagilt;ADV;O;1;no;24546;3021;932062911
lagedalt;ADV;O;1;no;46;3021;932062911
kuskilt;ADV;O;1;no;53518;3021;932062911
kanarbiku;NOUN;O;1;no;248;3021;932062911
põldmarjade;NOUN;O;1;no;41;3021;932062911
vahelt;ADP;O;1;yes;30899;3021;932062911
muudkui;ADV;O;1;yes;27141;3021;932062911
kerkiks;VERB;O;3;no;586;3021;932062911
hoida;VERB;O;1;no;232280;3021;932062911
kuradi;ADJ;O;1;no;18417;3021;932062911
pele;NOUN;O;1;yes;522;3021;932062911
silmad;NOUN;O;1;no;73649;3021;932062911
pungi;NOUN;O;1;no;1068;3021;932062911
ükshaaval;ADV;O;1;no;10544;3021;932062911
kõigile;PRON;O;1;yes;1;3021;932062911
vennakesed;NOUN;O;1;no;120;3021;932062911
vahetasid;VERB;O;1;no;4120;3021;932062911
kiire;ADJ;O;1;no;1;3021;932062911
terava;ADJ;O;1;no;9279;3021;932062911
pilgu;NOUN;O;1;no;30518;3021;932062911
näete;VERB;O;2;no;22041;3021;932062911
und;NOUN;O;1;no;24220;3021;932062911
muigas;VERB;O;1;no;5810;3021;932062911
raputas;VERB;O;1;no;6294;3021;932062911
olete;AUX;O;1;yes;148316;3021;932062911
ükskord;ADV;O;1;no;1;3021;932062911
vanamehel;NOUN;O;1;no;313;3021;932062911
külalised;NOUN;O;1;no;27957;3021;932062911
köögis;NOUN;O;1;no;26316;3021;932062911
sellesarnast;ADJ;O;1;no;609;3021;932062911
mõtlikult;ADV;O;1;no;2446;3021;932062911
vangutas;VERB;O;1;no;1174;3021;932062911
täpselt;ADV;O;2;no;1;3021;932062911
sama;ADV;O;2;yes;1;3021;932062911
kaalukal;ADJ;O;1;no;52;3021;932062911
moel;NOUN;O;1;no;68205;3021;932062911
isa;NOUN;O;1;no;1;3021;932062911
Theo;PROPN;O;1;no;1549;3021;932062911
kes;PRON;O;2;yes;1;3021;932062911
autoriteet;NOUN;O;1;no;2601;3021;932062911
kõikide;PRON;O;1;yes;1;3021;932062911
panid;VERB;O;1;no;29918;3021;932062911
omalt;PRON;O;1;yes;22616;3021;932062911
juurde;ADV;O;1;yes;557678;3021;932062911
täitsa;ADV;O;2;no;1;3021;932062911
lauluisa;NOUN;O;1;no;160;3021;932062911
Kreutzwald;PROPN;O;1;no;1388;3021;932062911
üldsegi;ADV;O;1;no;10749;3021;932062911
hukkamõistvalt;ADV;O;1;no;126;3021;932062911
vait;ADV;O;1;no;14205;3021;932062911
tühi;ADJ;O;1;no;35458;3021;932062911
ükskõik;ADV;O;1;yes;2;3021;932062911
siiani;ADV;O;1;yes;113417;3021;932062911
paaril;NUM;O;1;no;12490;3021;932062911
korral;NOUN;O;1;yes;437555;3021;932062911
asjakohast;ADJ;O;1;no;4888;3021;932062911
muinasjutulist;ADJ;O;1;no;385;3021;932062911
õudust;NOUN;O;1;no;2483;3021;932062911
tundnud;VERB;O;1;no;32936;3021;932062911
nüüdsest;ADJ;O;1;no;14722;3021;932062911
era;NOUN;O;1;no;1383;3021;932062911
auasi;ADJ;O;1;no;904;3021;932062911
igatahes;ADV;O;1;yes;105705;3021;932062911
õigust;NOUN;O;2;no;1;3021;932062911
avalikult;ADV;O;1;no;37453;3021;932062911
kahelda;VERB;O;1;no;5789;3021;932062911
nihkunud;VERB;O;1;no;2326;3021;932062911
sitke;ADJ;O;1;no;1381;3021;932062911
hirmsasti;ADV;O;1;no;9550;3021;932062911
näost;NOUN;O;1;no;9995;3021;932062911
rohekasvalge;ADJ;O;1;no;65;3021;932062911
peol;NOUN;O;1;no;10018;3021;932062911
mutt;NOUN;O;3;no;1;3021;932062911
paneb;VERB;O;1;no;105327;3021;932062911
pragama;VERB;O;1;no;85;3021;932062911
pobises;VERB;O;1;no;447;3021;932062911
vead;NOUN;O;1;no;19339;3021;932062911
pead;VERB;O;1;yes;136572;3021;932062911
viimakon;NOUN;O;1;no;0;3021;932062911
läheks;VERB;O;1;yes;52414;3021;932062911
õige;ADJ;O;1;no;1;3021;932062911
pistis;VERB;O;1;no;4955;3021;932062911
väljast;NOUN;O;1;yes;13311;3021;932062911
valju;ADJ;O;1;no;4416;3021;932062911
Robinat;PROPN;O;1;no;1;3021;932062911
meelekohad;NOUN;O;1;no;54;3021;932062911
tõmbusid;VERB;O;1;no;1058;3021;932062911
jäisesse;ADJ;O;1;no;169;3021;932062911
õudus;NOUN;O;1;no;3353;3021;932062911
krampi;ADV;O;1;no;1681;3021;932062911
ongi;AUX;O;1;no;1;3021;932062911
kässi;NOUN;O;1;no;66;3021;932062911
mõtlesin;VERB;O;1;no;108082;3021;932062911
tohoh;NOUN;O;1;yes;895;3021;932062911
tiitja;NOUN;O;1;no;0;3021;932062911
hüppas;VERB;O;2;no;11391;3021;932062911
kannul;ADP;O;1;yes;4560;3021;932062911
tormasid;VERB;O;1;no;1672;3021;932062911
markia;NOUN;O;1;no;0;3021;932062911
millegipärast;ADV;O;1;no;27179;3021;932062911
kõige;ADV;O;1;yes;1;3021;932062911
pimedamasse;ADJ;O;1;no;124;3021;932062911
nurka;NOUN;O;1;no;1;3021;932062911
millestki;PRON;O;1;yes;1;3021;932062911
lohistasid;VERB;O;1;no;197;3021;932062911
märga;NOUN;O;1;no;2008;3021;932062911
rohelisse;NOUN;O;1;no;966;3021;932062911
puldan;VERB;O;1;no;22;3021;932062911
riidesse;NOUN;O;1;no;5432;3021;932062911
mähitud;ADJ;O;1;no;1448;3021;932062911
inises;VERB;O;1;no;50;3021;932062911
rappis;VERB;O;1;no;94;3021;932062911
loiult;ADV;O;1;no;448;3021;932062911
roheline;ADJ;O;1;no;39731;3021;932062911
märg;ADJ;O;1;no;9174;3021;932062911
osutus;VERB;O;1;no;35696;3021;932062911
ohvitseri;NOUN;O;1;no;2786;3021;932062911
keebiks;NOUN;O;1;no;11;3021;932062911
sääraseid;DET;O;1;yes;2567;3021;932062911
riide;NOUN;O;1;no;3208;3021;932062911
palakaid;NOUN;O;1;no;15;3021;932062911
lahtistes;ADJ;O;1;no;136;3021;932062911
autodes;NOUN;O;1;no;2049;3021;932062911
sõitvate;ADJ;O;1;no;1260;3021;932062911
sõjaväelaste;NOUN;O;1;no;3123;3021;932062911
seljas;NOUN;O;1;no;32605;3021;932062911
Keebi;PROPN;O;1;no;1;3021;932062911
lamas;VERB;O;1;no;2160;3021;932062911
maas;ADV;O;1;no;31450;3021;932062911
käharpäine;ADJ;O;1;no;19;3021;932062911
tõmmu;ADJ;O;1;no;1383;3021;932062911
lakkas;VERB;O;1;no;2392;3021;932062911
hilisemast;ADJ;O;1;no;1529;3021;932062911
meile;PRON;O;1;yes;258668;3021;932062911
selgel;ADJ;O;1;no;930;3021;932062911
kaalutleval;ADJ;O;1;no;4;3021;932062911
pilgul;NOUN;O;1;no;2678;3021;932062911
vastu;ADV;O;1;yes;1;3021;932062911
sellel;PRON;O;1;yes;240763;3021;932062911
all;ADV;O;1;yes;1;3021;932062911
hammaste;NOUN;O;2;no;17036;3021;932062911
poris;NOUN;O;1;no;785;3021;932062911
söötler;NOUN;O;1;no;0;3021;932062911
juhataja;NOUN;O;1;no;93011;3021;932062911
lapselaps;NOUN;O;1;no;3388;3021;932062911
tuleb;VERB;O;1;yes;1;3021;932062911
igavene;ADJ;O;1;no;1;3021;932062911
jama;NOUN;O;1;no;72412;3021;932062911
märkisid;VERB;O;1;no;3232;3021;932062911
õigesti;ADV;O;1;no;1;3021;932062911
Boriss;PROPN;O;2;no;3399;3021;932062911
istuli;ADV;O;1;no;882;3021;932062911
ajades;VERB;O;1;no;4728;3021;932062911
välkude;NOUN;O;1;no;261;3021;932062911
poleks;AUX;O;1;yes;128861;3021;932062911
temaga;PRON;O;1;yes;92914;3021;932062911
alandavat;VERB;O;1;no;439;3021;932062911
juhtunudki;VERB;O;1;no;653;3021;932062911
põlvelt;NOUN;O;1;no;233;3021;932062911
muda;NOUN;O;1;no;5827;3021;932062911
kloppinud;ADJ;O;1;no;66;3021;932062911
küünarnuki;NOUN;O;1;no;967;3021;932062911
masseerinud;VERB;O;1;no;53;3021;932062911
klimpsutanud;VERB;O;1;no;0;3021;932062911
lustakalt;ADV;O;1;no;324;3021;932062911
silmi;NOUN;O;1;no;24413;3021;932062911
pööritades;VERB;O;1;no;181;3021;932062911
ai;NOUN;O;1;yes;5600;3021;932062911
vai;VERB;O;1;yes;2851;3021;932062911
asjalik;ADJ;O;1;no;1;3021;932062911
punker;NOUN;O;1;no;752;3021;932062911
võtke;VERB;O;1;no;36928;3021;932062911
arvesse;NOUN;O;1;no;118462;3021;932062911
esmaklassiline;ADJ;O;1;no;1741;3021;932062911
luuraja;NOUN;O;1;no;880;3021;932062911
spioon;NOUN;O;1;no;1152;3021;932062911
nuhk;NOUN;O;1;no;440;3021;932062911
mõistad;VERB;O;1;no;5036;3021;932062911
söömul;NOUN;O;1;no;0;3021;932062911
papsilt;NOUN;O;1;no;30;3021;932062911
päritud;ADJ;O;1;no;1855;3021;932062911
omadus;NOUN;O;1;no;10783;3021;932062911
sekist;NOUN;O;1;no;21;3021;932062911
saladusi;NOUN;O;1;no;5286;3021;932062911
soovitada;VERB;O;1;no;31945;3021;932062911
tuleks;VERB;O;1;yes;302334;3021;932062911
võtta;VERB;O;1;no;507404;3021;932062911
muidu;ADV;O;1;yes;235884;3021;932062911
vingwami;NOUN;O;1;no;0;3021;932062911
maatasa;ADV;O;1;no;2489;3021;932062911
tõmmata;VERB;O;1;no;47132;3021;932062911
loogiline;ADJ;O;1;no;30359;3021;932062911
provokatsiooniliste;ADJ;O;1;no;17;3021;932062911
sabotaaži;NOUN;O;1;no;269;3021;932062911
juttude;NOUN;O;1;no;3933;3021;932062911
saavad;VERB;O;1;yes;358509;3021;932062911
vanemad;NOUN;O;1;no;1;3021;932062911
jao;NOUN;O;1;no;3185;3021;932062911
sabotaas;NOUN;O;1;no;0;3021;932062911
küsisin;VERB;O;1;no;30095;3021;932062911
muret;NOUN;O;1;no;44269;3021;932062911
varjates;VERB;O;1;no;926;3021;932062911
tundmatu;ADJ;O;1;no;5;3021;932062911
võõrsõnaga;NOUN;O;1;no;47;3021;932062911
uudsed;ADJ;O;1;no;1830;3021;932062911
jutustas;VERB;O;1;no;6278;3021;932062911
õlad;NOUN;O;1;no;4335;3021;932062911
tšekist;NOUN;O;1;no;167;3021;932062911
Vikvam;PROPN;O;1;no;0;3021;932062911
provokatsioon;NOUN;O;1;no;1091;3021;932062911
tundmatud;ADJ;O;1;no;3533;3021;932062911
sõnad;NOUN;O;1;no;55601;3021;932062911
tekitasid;VERB;O;1;no;7552;3021;932062911
minus;PRON;O;1;yes;21121;3021;932062911
ühesuguse;ADJ;O;1;no;2323;3021;932062911
reaktsiooni;NOUN;O;1;no;9769;3021;932062911
tahtsime;VERB;O;1;no;10284;3021;932062911
selgeks;ADJ;O;1;no;81213;3021;932062911
saada;VERB;O;1;yes;1;3021;932062911
meelde;NOUN;O;1;no;142642;3021;932062911
jätta;VERB;O;1;no;134558;3021;932062911
pula;NOUN;O;1;no;214;3021;932062911
lipulise;ADJ;O;1;no;0;3021;932062911
lennuväe;NOUN;O;1;no;1022;3021;932062911
vastu;ADP;O;1;yes;1;3021;932062911
Nõukogude;PROPN;O;1;no;51503;3021;932062911
sõjalennukid;NOUN;O;1;no;743;3021;932062911
maailma;NOUN;O;1;no;358132;3021;932062911
parimad;ADJ;O;1;no;80690;3021;932062911
kellelgi;PRON;O;1;yes;54696;3021;932062911
lennu;NOUN;O;1;no;13846;3021;932062911
mingeid;DET;O;1;yes;1;3021;932062911
sääski;NOUN;O;1;no;1912;3021;932062911
nalja;NOUN;O;2;no;44113;3021;932062911
teete;VERB;O;1;yes;15122;3021;932062911
need;DET;O;1;yes;1283582;3021;932062911
vanaema;NOUN;O;1;no;42934;3021;932062911
selles;DET;O;1;yes;1;3021;932062911
osas;NOUN;O;1;no;1;3021;932062911
raudne;ADJ;O;1;no;1786;3021;932062911
mõista;VERB;O;1;no;104741;3021;932062911
Viktor;PROPN;O;1;no;16148;3021;932062911
Kingissepa;PROPN;O;1;no;1764;3021;932062911
kuller;NOUN;O;1;no;4143;3021;932062911
mõistade;NOUN;O;1;no;0;3021;932062911
naerma;VERB;O;1;no;16150;3021;932062911
vahetasime;VERB;O;1;no;3061;3021;932062911
altkulmu;NOUN;O;1;no;709;3021;932062911
pilke;NOUN;O;1;no;4097;3021;932062911
kõigele;PRON;O;1;yes;19926;3021;932062911
kuidagi;ADV;O;1;yes;228795;3021;932062911
reageerida;VERB;O;1;no;14606;3021;932062911
uus;ADJ;O;1;no;1;3021;932062911
arusaamatu;ADJ;O;1;no;10264;3021;932062911
maailm;NOUN;O;1;no;1;3021;932062911
tabamatu;ADJ;O;1;no;587;3021;932062911
jutt;NOUN;O;1;no;102538;3021;932062911
tunginud;VERB;O;1;no;3346;3021;932062911
