sent id;word id;word;lemma;upos;deprel;head;head upos;head id;ner tag
1;1;Katariina;Katariina;PROPN;nsubj;esitab;VERB;7;O
1;2;ja;ja;CCONJ;cc;herned;NOUN;3;O
1;3;herned;hernes;NOUN;conj;Katariina;PROPN;1;O
1;4;autor;autor;NOUN;conj;Katariina;PROPN;1;O
1;5;Kadri;Kadri;PROPN;appos;autor;NOUN;4;O
1;6;Hinrikus;Hinrik;PROPN;flat;Kadri;PROPN;5;O
1;7;esitab;esitama;VERB;root;root;;0;O
1;8;Eva;Eva;PROPN;nsubj;esitab;VERB;7;O
1;9;Koldits;Koldits;PROPN;flat;Eva;PROPN;8;O
1;10;.;.;PUNCT;punct;esitab;VERB;7;O
2;1;Kuulete;kuulma;VERB;root;root;;0;O
2;2;teist;teine;ADJ;amod;osa;NOUN;3;O
2;3;osa;osa;NOUN;obj;Kuulete;VERB;1;O
2;4;järjeloost;järjelugu;NOUN;nmod;osa;NOUN;3;O
2;5;Katariina;Katariina;PROPN;appos;järjeloost;NOUN;4;O
2;6;ja;ja;CCONJ;cc;herned;NOUN;7;O
2;7;herned;hernes;NOUN;conj;Katariina;PROPN;5;O
2;8;.;.;PUNCT;punct;Kuulete;VERB;1;O
3;1;Katariina;Katariina;PROPN;nsubj:cop;tüdruk;NOUN;4;O
3;2;on;olema;AUX;cop;tüdruk;NOUN;4;O
3;3;üheksaaastane;üheksaaastane;ADJ;amod;tüdruk;NOUN;4;O
3;4;tüdruk;tüdruk;NOUN;root;root;;0;O
3;5;,;,;PUNCT;punct;isa;NOUN;7;O
3;6;kelle;kes;PRON;nmod;isa;NOUN;7;O
3;7;isa;isa;NOUN;nsubj;kolis;VERB;8;O
3;8;kolis;kolima;VERB;acl:relcl;tüdruk;NOUN;4;O
3;9;kevadel;kevad;NOUN;obl;kolis;VERB;8;O
3;10;kodust;kodu;NOUN;obl;kolis;VERB;8;O
3;11;ära;ära;ADV;compound:prt;kolis;VERB;8;O
3;12;ja;ja;CCONJ;cc;hõivatud;VERB;18;O
3;13;tema;tema;PRON;nmod;ema;NOUN;14;O
3;14;ema;ema;NOUN;obj;hõivatud;VERB;18;O
3;15;on;olema;AUX;aux;hõivatud;VERB;18;O
3;16;tööga;töö;NOUN;obl;hõivatud;VERB;18;O
3;17;nii;nii;ADV;advmod;hõivatud;VERB;18;O
3;18;hõivatud;hõivama;VERB;conj;kolis;VERB;8;O
3;19;,;,;PUNCT;punct;tal;PRON;21;O
3;20;et;et;SCONJ;mark;tal;PRON;21;O
3;21;tal;tema;PRON;advcl;hõivatud;VERB;18;O
3;22;pole;olema;AUX;cop;tal;PRON;21;O
3;23;tütre;tütar;NOUN;obl;tal;PRON;21;O
3;24;jaoks;jaoks;ADP;case;tütre;NOUN;23;O
3;25;aega;aeg;NOUN;nsubj:cop;tal;PRON;21;O
3;26;.;.;PUNCT;punct;tüdruk;NOUN;4;O
4;1;Katariina;Katariina;PROPN;nsubj:cop;kurb;ADJ;3;O
4;2;on;olema;AUX;cop;kurb;ADJ;3;O
4;3;kurb;kurb;ADJ;root;root;;0;O
4;4;ja;ja;CCONJ;cc;arvab;VERB;5;O
4;5;arvab;arvama;VERB;conj;kurb;ADJ;3;O
4;6;,;,;PUNCT;punct;tuleb;VERB;9;O
4;7;et;et;SCONJ;mark;tuleb;VERB;9;O
4;8;tal;tema;PRON;obl;tuleb;VERB;9;O
4;9;tuleb;tulema;VERB;ccomp;arvab;VERB;5;O
4;10;väga;väga;ADV;advmod;igav;ADJ;11;O
4;11;igav;igav;ADJ;amod;suvevaheaeg;NOUN;12;O
4;12;suvevaheaeg;suvevaheaeg;NOUN;nsubj;tuleb;VERB;9;O
4;13;.;.;PUNCT;punct;kurb;ADJ;3;O
5;1;Üle;üle;ADP;case;aja;NOUN;3;O
5;2;pika;pikk;ADJ;amod;aja;NOUN;3;O
5;3;aja;aeg;NOUN;obl;tõotas;VERB;4;O
5;4;tõotas;tõotama;VERB;root;root;;0;O
5;5;tunnistuste;tunnistus;NOUN;nmod;kättesaamise;NOUN;6;O
5;6;kättesaamise;kättesaamine;NOUN;nmod;päev;NOUN;7;O
5;7;päev;päev;NOUN;nsubj;tõotas;VERB;4;O
5;8;tulla;tulema;VERB;xcomp;tõotas;VERB;4;O
5;9;.;.;PUNCT;punct;tõotas;VERB;4;O
6;1;Mõnus;mõnus;ADJ;root;root;;0;O
6;2;.;.;PUNCT;punct;Mõnus;ADJ;1;O
7;1;Kulla;Kulla;NOUN;nmod;kata;NOUN;2;O
7;2;kata;katma;NOUN;root;root;;0;O
7;3;.;.;PUNCT;punct;kata;NOUN;2;O
8;1;Ma;mina;PRON;nsubj;võtsin;VERB;2;O
8;2;võtsin;võtma;VERB;root;root;;0;O
8;3;tänase;tänane;ADJ;amod;õhtupooliku;NOUN;4;O
8;4;õhtupooliku;õhtupoolik;NOUN;obj;võtsin;VERB;2;O
8;5;töölt;töö;NOUN;obl;võtsin;VERB;2;O
8;6;vabaks;vaba;ADJ;xcomp;võtsin;VERB;2;O
8;7;ja;ja;CCONJ;cc;lähme;VERB;9;O
8;8;meie;mina;PRON;nsubj;lähme;VERB;9;O
8;9;lähme;minema;VERB;conj;võtsin;VERB;2;O
8;10;sinuga;sina;PRON;obl;lähme;VERB;9;O
8;11;kohvikusse;kohvik;NOUN;obl;lähme;VERB;9;O
8;12;.;.;PUNCT;punct;võtsin;VERB;2;O
9;1;Teatas;teatama;VERB;root;root;;0;O
9;2;enne;enne;ADP;case;hommikulauas;NOUN;3;O
9;3;hommikulauas;hommikulaud;NOUN;obl;Teatas;VERB;1;O
9;4;ühe;üks;DET;nummod;käega;NOUN;5;O
9;5;käega;käsi;NOUN;obl;tehes;VERB;7;O
9;6;võileiba;võileib;NOUN;obj;tehes;VERB;7;O
9;7;tehes;tegema;VERB;advcl;Teatas;VERB;1;O
9;8;ja;ja;CCONJ;cc;pakkides;VERB;12;O
9;9;teisega;teine;PRON;obl;pakkides;VERB;12;O
9;10;arvutit;arvuti;NOUN;obj;pakkides;VERB;12;O
9;11;kotti;kott;NOUN;obl;pakkides;VERB;12;O
9;12;pakkides;pakkima;VERB;conj;tehes;VERB;7;O
9;13;.;.;PUNCT;punct;Teatas;VERB;1;O
10;1;Kas;kas;ADV;advmod;vahva;ADJ;3;O
10;2;pole;olema;AUX;cop;vahva;ADJ;3;O
10;3;vahva;vahva;ADJ;root;root;;0;O
10;4;?;?;PUNCT;punct;vahva;ADJ;3;O
11;1;Tähistame;tähistama;VERB;root;root;;0;O
11;2;kooli;kool;NOUN;nmod;lõppu;NOUN;3;O
11;3;lõppu;lõpp;NOUN;obj;Tähistame;VERB;1;O
11;4;ja;ja;CCONJ;cc;algust;NOUN;6;O
11;5;suvevaheaja;suvevaheaeg;NOUN;nmod;algust;NOUN;6;O
11;6;algust;algus;NOUN;conj;lõppu;NOUN;3;O
11;7;.;.;PUNCT;punct;Tähistame;VERB;1;O
12;1;Äge;äge;ADJ;parataxis;kindel;ADJ;5;O
12;2;,;,;PUNCT;punct;kindel;ADJ;5;O
12;3;oled;olema;AUX;cop;kindel;ADJ;5;O
12;4;sa;sina;PRON;nsubj:cop;kindel;ADJ;5;O
12;5;kindel;kindel;ADJ;root;root;;0;O
12;6;,;,;PUNCT;punct;sul;PRON;8;O
12;7;et;et;SCONJ;mark;sul;PRON;8;O
12;8;sul;sina;PRON;ccomp;kindel;ADJ;5;O
12;9;on;olema;AUX;cop;sul;PRON;8;O
12;10;aega;aeg;NOUN;nsubj:cop;sul;PRON;8;O
12;11;?;?;PUNCT;punct;kindel;ADJ;5;O
13;1;Ema;ema;NOUN;nsubj;noogutas;VERB;2;O
13;2;noogutas;noogutama;VERB;root;root;;0;O
13;3;,;,;PUNCT;punct;vastata;VERB;4;O
13;4;vastata;vastama;VERB;conj;noogutas;VERB;2;O
13;5;ta;tema;PRON;nsubj;saanud;VERB;7;O
13;6;ei;ei;AUX;aux;saanud;VERB;7;O
13;7;saanud;saama;VERB;conj;noogutas;VERB;2;O
13;8;,;,;PUNCT;punct;helises;VERB;11;O
13;9;sest;sest;SCONJ;mark;helises;VERB;11;O
13;10;parasjagu;parasjagu;ADV;advmod;helises;VERB;11;O
13;11;helises;helisema;VERB;advcl;saanud;VERB;7;O
13;12;telefon;telefon;NOUN;nsubj;helises;VERB;11;O
13;13;.;.;PUNCT;punct;noogutas;VERB;2;O
14;1;Mis;mis;PRON;nmod;kell;NOUN;2;O
14;2;kell;kell;NOUN;obl;jõuad;VERB;5;O
14;3;sa;sina;PRON;nsubj;jõuad;VERB;5;O
14;4;koju;kodu;NOUN;obl;jõuad;VERB;5;O
14;5;jõuad;jõudma;VERB;root;root;;0;O
14;6;?;?;PUNCT;punct;jõuad;VERB;5;O
15;1;Pärisin;pärima;VERB;root;root;;0;O
15;2;kõne;kõne;NOUN;obl;lõppedes;VERB;3;O
15;3;lõppedes;lõppema;VERB;advcl;Pärisin;VERB;1;O
15;4;kell;kell;NOUN;obl;Pärisin;VERB;1;O
15;5;neli;neli;NUM;nummod;kell;NOUN;4;O
15;6;.;.;PUNCT;punct;Pärisin;VERB;1;O
16;1;Emme;emme;NOUN;nsubj;andis;VERB;2;O
16;2;andis;andma;VERB;root;root;;0;O
16;3;mulle;mina;PRON;obl;andis;VERB;2;O
16;4;nina;nina;NOUN;obj;andis;VERB;2;O
16;5;peale;peale;ADP;case;musi;NOUN;6;O
16;6;musi;musi;NOUN;obl;andis;VERB;2;O
16;7;ja;ja;CCONJ;cc;kiirustas;VERB;8;O
16;8;kiirustas;kiirustama;VERB;conj;andis;VERB;2;O
16;9;esikusse;esik;NOUN;obl;kiirustas;VERB;8;O
16;10;.;.;PUNCT;punct;andis;VERB;2;O
17;1;Telefon;telefon;NOUN;nsubj;helises;VERB;2;O
17;2;helises;helisema;VERB;root;root;;0;O
17;3;uuesti;uuesti;ADV;advmod;helises;VERB;2;O
17;4;.;.;PUNCT;punct;helises;VERB;2;O
18;1;Halloo;halloo;NOUN;root;root;;0;O
18;2;.;.;PUNCT;punct;Halloo;NOUN;1;O
19;1;Helen;Helen;PROPN;nsubj;kuuleb;VERB;2;O
19;2;kuuleb;kuulma;VERB;root;root;;0;O
19;3;.;.;PUNCT;punct;kuuleb;VERB;2;O
20;1;Ja;ja;CCONJ;cc;nädala;NOUN;5;O
20;2;Milano;Milano;PROPN;nmod;konverents;NOUN;3;O
20;3;konverents;konverents;NOUN;nsubj:cop;nädala;NOUN;5;O
20;4;on;olema;AUX;cop;nädala;NOUN;5;O
20;5;nädala;nädal;NOUN;root;root;;0;O
20;6;pärast;pärast;ADP;case;nädala;NOUN;5;O
20;7;ja;ja;CCONJ;cc;tuleb;VERB;10;O
20;8;kliimasoojenemise;kliimasoojenemine;NOUN;nmod;teema;NOUN;9;O
20;9;teema;teema;NOUN;nsubj;tuleb;VERB;10;O
20;10;tuleb;tulema;VERB;conj;nädala;NOUN;5;O
20;11;päevakorda;päevakord;NOUN;obl;tuleb;VERB;10;O
20;12;.;.;PUNCT;punct;nädala;NOUN;5;O
21;1;Nende;see;DET;det;sõnadega;NOUN;2;O
21;2;sõnadega;sõna;NOUN;obl;lahkus;VERB;3;O
21;3;lahkus;lahkuma;VERB;root;root;;0;O
21;4;ta;tema;PRON;nsubj;lahkus;VERB;3;O
21;5;trepikotta;trepi-koda;NOUN;obl;lahkus;VERB;3;O
21;6;.;.;PUNCT;punct;lahkus;VERB;3;O
22;1;Nõusid;nõu;NOUN;obj;pestes;VERB;2;O
22;2;pestes;pesema;VERB;advcl;mõtlesin;VERB;3;O
22;3;mõtlesin;mõtlema;VERB;root;root;;0;O
22;4;,;,;PUNCT;punct;tellin;VERB;11;O
22;5;mida;mis;PRON;obj;tellin;VERB;11;O
22;6;kõike;kõik;DET;det;mõnusat;ADJ;7;O
22;7;mõnusat;mõnus;ADJ;obj;tellin;VERB;11;O
22;8;ma;mina;PRON;nsubj;tellin;VERB;11;O
22;9;õhtul;õhtu;NOUN;obl;tellin;VERB;11;O
22;10;kohvikust;kohvik;NOUN;obl;tellin;VERB;11;O
22;11;tellin;tellima;VERB;ccomp;mõtlesin;VERB;3;O
22;12;.;.;PUNCT;punct;mõtlesin;VERB;3;O
23;1;Spagette;spagett;NOUN;obj;tahaks;VERB;2;O
23;2;tahaks;tahtma;VERB;root;root;;0;O
23;3;kohe;kohe;ADV;advmod;tahaks;VERB;2;O
23;4;kindlasti;kindlasti;ADV;advmod;tahaks;VERB;2;O
23;5;hästi;hästi;ADV;advmod;suure;ADJ;6;O
23;6;suure;suur;ADJ;amod;parmesani;NOUN;7;O
23;7;parmesani;parmesan;NOUN;nmod;kuhjaga;NOUN;8;O
23;8;kuhjaga;kuhi;NOUN;obl;tahaks;VERB;2;O
23;9;.;.;PUNCT;punct;tahaks;VERB;2;O
24;1;Siis;siis;ADV;advmod;olla;AUX;10;O
24;2;loomulikult;loomulikult;ADV;advmod;olla;AUX;10;O
24;3;jäätisekokteili;jäätisekokteil;NOUN;nsubj;olla;AUX;10;O
24;4;ja;ja;CCONJ;cc;pannkooke;NOUN;5;O
24;5;pannkooke;pannkook;NOUN;conj;jäätisekokteili;NOUN;3;O
24;6;ja;ja;CCONJ;cc;friikartulid;NOUN;7;O
24;7;friikartulid;friikartul;NOUN;conj;jäätisekokteili;NOUN;3;O
24;8;võiksid;võima;AUX;aux;olla;AUX;10;O
24;9;samuti;samuti;ADV;advmod;olla;AUX;10;O
24;10;olla;olema;AUX;root;root;;0;O
24;11;.;.;PUNCT;punct;olla;AUX;10;O
25;1;Mulle;mina;PRON;obl;meeldivad;VERB;2;O
25;2;meeldivad;meeldiv;VERB;root;root;;0;O
25;3;ka;ka;ADV;advmod;lihapallid;NOUN;4;O
25;4;lihapallid;lihapall;NOUN;nsubj;meeldivad;VERB;2;O
25;5;tomatikastmes;tomatikaste;NOUN;nmod;lihapallid;NOUN;4;O
25;6;.;.;PUNCT;punct;meeldivad;VERB;2;O
26;1;Aga;aga;CCONJ;cc;pandud;VERB;8;O
26;2;kui;kui;SCONJ;mark;pandud;VERB;8;O
26;3;sinna;sinna;ADV;advmod;pandud;VERB;8;O
26;4;on;olema;AUX;aux;pandud;VERB;8;O
26;5;liiga;liiga;ADV;advmod;palju;ADV;6;O
26;6;palju;palju;ADV;advmod;sibulat;NOUN;7;O
26;7;sibulat;sibul;NOUN;obj;pandud;VERB;8;O
26;8;pandud;panema;VERB;advcl;maitse;VERB;13;O
26;9;,;,;PUNCT;punct;pandud;VERB;8;O
26;10;siis;siis;ADV;advmod;maitse;VERB;13;O
26;11;mulle;mina;PRON;obl;maitse;VERB;13;O
26;12;ei;ei;AUX;aux;maitse;VERB;13;O
26;13;maitse;maitse;VERB;root;root;;0;O
26;14;.;.;PUNCT;punct;maitse;VERB;13;O
27;1;Ma;mina;PRON;nsubj;käisin;VERB;2;O
27;2;käisin;käima;VERB;root;root;;0;O
27;3;koolis;kool;NOUN;obl;käisin;VERB;2;O
27;4;,;,;PUNCT;punct;sain;VERB;5;O
27;5;sain;saama;VERB;conj;käisin;VERB;2;O
27;6;tunnistuse;tunnistus;NOUN;obj;sain;VERB;5;O
27;7;,;,;PUNCT;punct;hea;ADJ;11;O
27;8;mis;mis;PRON;nsubj:cop;hea;ADJ;11;O
27;9;oli;olema;AUX;cop;hea;ADJ;11;O
27;10;täitsa;täitsa;ADV;advmod;hea;ADJ;11;O
27;11;hea;hea;ADJ;acl:relcl;tunnistuse;NOUN;6;O
27;12;.;.;PUNCT;punct;käisin;VERB;2;O
28;1;Tegin;tegema;VERB;root;root;;0;O
28;2;Anna;Anna;PROPN;obl;Tegin;VERB;1;O
28;3;ja;ja;CCONJ;cc;Robertiga;PROPN;4;O
28;4;Robertiga;Robert;PROPN;conj;Anna;PROPN;2;O
28;5;jalgratta;jalgratas;NOUN;nmod;vigursõitu;NOUN;6;O
28;6;vigursõitu;vigursõit;NOUN;obj;Tegin;VERB;1;O
28;7;.;.;PUNCT;punct;Tegin;VERB;1;O
29;1;Kukkusin;kukkuma;VERB;root;root;;0;O
29;2;Käämarraskile;Käämarrask;PROPN;obl;Kukkusin;VERB;1;O
29;3;.;.;PUNCT;punct;Kukkusin;VERB;1;O
30;1;Panin;panema;VERB;root;root;;0;O
30;2;kohvikusse;kohvik;NOUN;obl;Panin;VERB;1;O
30;3;minekuks;minek;NOUN;obl;Panin;VERB;1;O
30;4;selga;selg;NOUN;obl;Panin;VERB;1;O
30;5;oma;oma;PRON;nmod;lemmik;NOUN;6;O
30;6;lemmik;lemmik;NOUN;obj;Panin;VERB;1;O
30;7;T-särgi;T-särk;NOUN;obj;Panin;VERB;1;O
30;8;ja;ja;CCONJ;cc;teksased;NOUN;9;O
30;9;teksased;teksas;NOUN;conj;T-särgi;NOUN;7;O
30;10;.;.;PUNCT;punct;Panin;VERB;1;O
31;1;Ning;ning;CCONJ;cc;istusin;VERB;5;O
31;2;kell;kell;NOUN;obl;istusin;VERB;5;O
31;3;kolmveerand;kolmveerand;NUM;nummod;kell;NOUN;2;O
31;4;neli;neli;NUM;nummod;kell;NOUN;2;O
31;5;istusin;istuma;VERB;root;root;;0;O
31;6;ema;ema;NOUN;obj;ootama;VERB;7;O
31;7;ootama;ootama;VERB;xcomp;istusin;VERB;5;O
31;8;.;.;PUNCT;punct;istusin;VERB;5;O
32;1;Olin;olema;AUX;cop;näljane;ADJ;2;O
32;2;näljane;näljane;ADJ;root;root;;0;O
32;3;nagu;nagu;SCONJ;mark;hunt;NOUN;4;O
32;4;hunt;hunt;NOUN;advcl;näljane;ADJ;2;O
32;5;.;.;PUNCT;punct;näljane;ADJ;2;O
33;1;Ema;ema;NOUN;nsubj;saabus;VERB;2;O
33;2;saabus;saabuma;VERB;root;root;;0;O
33;3;kell;kell;NOUN;obl;saabus;VERB;2;O
33;4;viis;viis;NUM;nummod;kell;NOUN;3;O
33;5;.;.;PUNCT;punct;saabus;VERB;2;O
34;1;Sina;sina;PRON;nsubj:cop;valmis;ADJ;3;O
34;2;juba;juba;ADV;advmod;valmis;ADJ;3;O
34;3;valmis;valmis;ADJ;root;root;;0;O
34;4;ja;ja;CCONJ;cc;ootel;NOUN;5;O
34;5;ootel;oode;NOUN;conj;valmis;ADJ;3;O
34;6;,;,;PUNCT;punct;lõi;VERB;7;O
34;7;lõi;lööma;VERB;conj;valmis;ADJ;3;O
34;8;ema;ema;NOUN;obj;lõi;VERB;7;O
34;9;käsi;käsi;NOUN;obj;lõi;VERB;7;O
34;10;kokku;kokku;ADV;compound:prt;lõi;VERB;7;O
34;11;.;.;PUNCT;punct;valmis;ADJ;3;O
35;1;Valmis;Valmis;ADJ;root;root;;0;O
35;2;olen;olema;AUX;cop;Valmis;ADJ;1;O
35;3;ma;mina;PRON;nsubj:cop;Valmis;ADJ;1;O
35;4;juba;juba;ADV;advmod;üheksa;NUM;5;O
35;5;üheksa;üheksa;NUM;nummod;aastat;NOUN;6;O
35;6;aastat;aasta;NOUN;obl;Valmis;ADJ;1;O
35;7;ja;ja;CCONJ;cc;ootel;NOUN;8;O
35;8;ootel;oode;NOUN;conj;Valmis;ADJ;1;O
35;9;üle;üle;ADP;case;tunni;NOUN;10;O
35;10;tunni;tund;NOUN;nmod;aja;NOUN;11;O
35;11;aja;aeg;NOUN;obl;ootel;NOUN;8;O
35;12;.;.;PUNCT;punct;Valmis;ADJ;1;O
36;1;Kotokini;Kotokin;PROPN;nmod;tööl;NOUN;3;O
36;2;Mussita;Mussita;PROPN;nmod;tööl;NOUN;3;O
36;3;tööl;töö;NOUN;root;root;;0;O
36;4;oli;olema;AUX;cop;tööl;NOUN;3;O
36;5;kohutavalt;kohutavalt;ADV;advmod;tegemist;NOUN;7;O
36;6;palju;palju;ADV;advmod;tegemist;NOUN;7;O
36;7;tegemist;tegemine;NOUN;nsubj:cop;tööl;NOUN;3;O
36;8;,;,;PUNCT;punct;märganudki;VERB;11;O
36;9;ma;mina;PRON;nsubj;märganudki;VERB;11;O
36;10;ei;ei;AUX;aux;märganudki;VERB;11;O
36;11;märganudki;märkama;VERB;conj;tööl;NOUN;3;O
36;12;,;,;PUNCT;punct;sai;VERB;17;O
36;13;kuidas;kuidas;ADV;mark;sai;VERB;17;O
36;14;kell;kell;NOUN;nsubj;sai;VERB;17;O
36;15;nii;nii;ADV;advmod;palju;ADV;16;O
36;16;palju;palju;ADV;advmod;sai;VERB;17;O
36;17;sai;saama;VERB;ccomp;märganudki;VERB;11;O
36;18;.;.;PUNCT;punct;tööl;NOUN;3;O
37;1;Ma;mina;PRON;nsubj;ohkasin;VERB;2;O
37;2;ohkasin;ohkama;VERB;root;root;;0;O
37;3;.;.;PUNCT;punct;ohkasin;VERB;2;O
38;1;Tegelikult;tegelikult;ADV;advmod;rõõmus;ADJ;4;O
38;2;olin;olema;AUX;cop;rõõmus;ADJ;4;O
38;3;üsna;üsna;ADV;advmod;rõõmus;ADJ;4;O
38;4;rõõmus;rõõmus;ADJ;root;root;;0;O
38;5;,;,;PUNCT;punct;minema;VERB;15;O
38;6;sest;sest;SCONJ;mark;minema;VERB;15;O
38;7;kui;kui;SCONJ;mark;minema;VERB;15;O
38;8;me;mina;PRON;nsubj;minema;VERB;15;O
38;9;esimese;esimene;ADJ;amod;septembri;NOUN;10;O
38;10;septembri;september;NOUN;nmod;õhtul;NOUN;11;O
38;11;õhtul;õhtu;NOUN;obl;minema;VERB;15;O
38;12;pidime;pidama;AUX;aux;minema;VERB;15;O
38;13;koos;koos;ADP;case;teatrisse;NOUN;14;O
38;14;teatrisse;teater;NOUN;obl;minema;VERB;15;O
38;15;minema;minema;VERB;advcl;jõudis;VERB;17;O
38;16;,;,;PUNCT;punct;jõudis;VERB;17;O
38;17;jõudis;jõudma;VERB;conj;rõõmus;ADJ;4;O
38;18;ema;ema;NOUN;nsubj;jõudis;VERB;17;O
38;19;koosolekult;koos-olek;NOUN;obl;jõudis;VERB;17;O
38;20;koju;kodu;NOUN;obl;jõudis;VERB;17;O
38;21;alles;alles;ADV;advmod;kümmet;NUM;23;O
38;22;pärast;pärast;ADP;case;kümmet;NUM;23;O
38;23;kümmet;kümme;NUM;obl;jõudis;VERB;17;O
38;24;.;.;PUNCT;punct;rõõmus;ADJ;4;O
39;1;Mis;mis;PRON;nsubj;tähendas;VERB;2;O
39;2;tähendas;tähendama;VERB;root;root;;0;O
39;3;,;,;PUNCT;punct;tuli;VERB;5;O
39;4;et;et;SCONJ;mark;tuli;VERB;5;O
39;5;tuli;tulema;VERB;ccomp;tähendas;VERB;2;O
39;6;kobida;kobima;VERB;csubj;tuli;VERB;5;O
39;7;voodisse;voodi;NOUN;obl;kobida;VERB;6;O
39;8;,;,;PUNCT;punct;Peeter;PROPN;10;O
39;9;mitte;mitte;ADV;advmod;Peeter;PROPN;10;O
39;10;Peeter;Peeter;PROPN;conj;voodisse;NOUN;7;O
39;11;Paani;Paan;PROPN;flat;Peeter;PROPN;10;O
39;12;vaatama;vaatama;VERB;xcomp;kobida;VERB;6;O
39;13;.;.;PUNCT;punct;tähendas;VERB;2;O
40;1;Ei;ei;ADV;advmod;praegu;ADV;3;O
40;2;,;,;PUNCT;punct;praegu;ADV;3;O
40;3;praegu;praegu;ADV;root;root;;0;O
40;4;ei;ei;AUX;aux;praegu;ADV;3;O
40;5;olnud;olema;AUX;cop;praegu;ADV;3;O
40;6;mossitamiseks;mossitamine;NOUN;obl;praegu;ADV;3;O
40;7;erilist;eriline;ADJ;amod;põhjust;NOUN;8;O
40;8;põhjust;põhjus;NOUN;nsubj:cop;praegu;ADV;3;O
40;9;.;.;PUNCT;punct;praegu;ADV;3;O
41;1;Kohvikus;kohvik;NOUN;root;root;;0;O
41;2;oli;olema;AUX;cop;Kohvikus;NOUN;1;O
41;3;jube;jube;ADV;advmod;rahvast;NOUN;5;O
41;4;palju;palju;ADV;advmod;rahvast;NOUN;5;O
41;5;rahvast;rahvas;NOUN;nsubj:cop;Kohvikus;NOUN;1;O
41;6;,;,;PUNCT;punct;vaba;ADJ;14;O
41;7;aga;aga;CCONJ;cc;vaba;ADJ;14;O
41;8;üks;üks;DET;det;laud;NOUN;9;O
41;9;laud;laud;NOUN;nsubj:cop;vaba;ADJ;14;O
41;10;kohe;kohe;ADV;advmod;vaba;ADJ;14;O
41;11;ukse;uks;NOUN;obl;vaba;ADJ;14;O
41;12;kõrval;kõrval;ADP;case;ukse;NOUN;11;O
41;13;oli;olema;AUX;cop;vaba;ADJ;14;O
41;14;vaba;vaba;ADJ;conj;Kohvikus;NOUN;1;O
41;15;.;.;PUNCT;punct;Kohvikus;NOUN;1;O
42;1;Ma;mina;PRON;nsubj;tellisin;VERB;2;O
42;2;tellisin;tellima;VERB;root;root;;0;O
42;3;spagetid;spagett;NOUN;obj;tellisin;VERB;2;O
42;4;jäätisekokteili;jäätisekokteil;NOUN;obj;tellisin;VERB;2;O
42;5;ja;ja;CCONJ;cc;pannkoogid;NOUN;6;O
42;6;pannkoogid;pannkook;NOUN;conj;jäätisekokteili;NOUN;4;O
42;7;.;.;PUNCT;punct;tellisin;VERB;2;O
43;1;Ema;ema;NOUN;nsubj;võttis;VERB;2;O
43;2;võttis;võtma;VERB;root;root;;0;O
43;3;klaasi;klaas;NOUN;nmod;vett;NOUN;4;O
43;4;vett;vesi;NOUN;obj;võttis;VERB;2;O
43;5;.;.;PUNCT;punct;võttis;VERB;2;O
44;1;Porgandisalati;porgandisalat;NOUN;root;root;;0;O
44;2;.;.;PUNCT;punct;Porgandisalati;NOUN;1;O
45;1;Ma;mina;PRON;nsubj;pean;AUX;2;O
45;2;pean;pidama;AUX;root;root;;0;O
45;3;dieeti;dieet;NOUN;obj;pean;AUX;2;O
45;4;,;,;PUNCT;punct;teatas;VERB;5;O
45;5;teatas;teatama;VERB;conj;pean;AUX;2;O
45;6;ta;tema;PRON;nsubj;teatas;VERB;5;O
45;7;.;.;PUNCT;punct;pean;AUX;2;O
46;1;Mis;mis;PRON;nmod;ajast;NOUN;2;O
46;2;ajast;aeg;NOUN;obl;tegin;VERB;3;O
46;3;tegin;tegema;VERB;root;root;;0;O
46;4;suured;suur;ADJ;amod;silmad;NOUN;5;O
46;5;silmad;silm;NOUN;obj;tegin;VERB;3;O
46;6;?;?;PUNCT;punct;tegin;VERB;3;O
47;1;Tänasest;tänane;ADJ;root;root;;0;O
47;2;?;?;PUNCT;punct;Tänasest;ADJ;1;O
48;1;Milleks;milleks;ADV;mark;kõhn;ADJ;5;O
48;2;sa;sina;PRON;nsubj:cop;kõhn;ADJ;5;O
48;3;oled;olema;AUX;cop;kõhn;ADJ;5;O
48;4;ju;ju;ADV;advmod;kõhn;ADJ;5;O
48;5;kõhn;kõhn;ADJ;root;root;;0;O
48;6;nagu;nagu;SCONJ;mark;joonlaud;NOUN;7;O
48;7;joonlaud;joonlaud;NOUN;advcl;kõhn;ADJ;5;O
48;8;.;.;PUNCT;punct;kõhn;ADJ;5;O
49;1;Sina;sina;PRON;nsubj;kata;VERB;3;O
49;2;,;,;PUNCT;punct;kata;VERB;3;O
49;3;kata;katma;VERB;root;root;;0;O
49;4;,;,;PUNCT;punct;tea;VERB;6;O
49;5;ei;ei;AUX;aux;tea;VERB;6;O
49;6;tea;teadma;VERB;conj;kata;VERB;3;O
49;7;neist;see;DET;det;asjust;NOUN;8;O
49;8;asjust;asi;NOUN;obl;tea;VERB;6;O
49;9;veel;veel;ADV;advmod;tea;VERB;6;O
49;10;midagi;miski;PRON;obj;tea;VERB;6;O
49;11;,;,;PUNCT;punct;kasvad;VERB;12;O
49;12;kasvad;kasvama;VERB;conj;tea;VERB;6;O
49;13;suureks;suur;ADJ;xcomp;kasvad;VERB;12;O
49;14;,;,;PUNCT;punct;mõistad;VERB;15;O
49;15;mõistad;mõistma;VERB;conj;tea;VERB;6;O
49;16;paremini;paremini;ADV;advmod;mõistad;VERB;15;O
49;17;ja;ja;CCONJ;cc;hakkad;VERB;18;O
49;18;hakkad;hakkama;VERB;conj;tea;VERB;6;O
49;19;ka;ka;ADV;advmod;pidama;VERB;21;O
49;20;dieeti;dieet;NOUN;obj;pidama;VERB;21;O
49;21;pidama;pidama;VERB;xcomp;hakkad;VERB;18;O
49;22;.;.;PUNCT;punct;Sina;PRON;1;O
50;1;Ega;ega;ADV;advmod;hakka;VERB;4;O
50;2;ikka;ikka;ADV;advmod;hakka;VERB;4;O
50;3;ei;ei;AUX;aux;hakka;VERB;4;O
50;4;hakka;hakkama;VERB;root;root;;0;O
50;5;küll;küll;ADV;advmod;hakka;VERB;4;O
50;6;,;,;PUNCT;punct;protesteerisin;VERB;7;O
50;7;protesteerisin;protesteerima;VERB;conj;hakka;VERB;4;O
50;8;,;,;PUNCT;punct;söön;VERB;10;O
50;9;mina;mina;PRON;nsubj;söön;VERB;10;O
50;10;söön;sööma;VERB;conj;hakka;VERB;4;O
50;11;spagette;spagett;NOUN;obj;söön;VERB;10;O
50;12;elu;elu;NOUN;nmod;lõpuni;NOUN;13;O
50;13;lõpuni;lõpp;NOUN;obl;söön;VERB;10;O
50;14;.;.;PUNCT;punct;hakka;VERB;4;O
51;1;Ära;ära;AUX;aux;räägi;VERB;2;O
51;2;räägi;rääkima;VERB;root;root;;0;O
51;3;rumalusi;rumalus;NOUN;obj;räägi;VERB;2;O
51;4;,;,;PUNCT;punct;mine;VERB;5;O
51;5;mine;minema;VERB;conj;räägi;VERB;2;O
51;6;pese;pesema;VERB;conj;räägi;VERB;2;O
51;7;tualetis;tualett;NOUN;obl;pese;VERB;6;O
51;8;parem;parem;ADV;advmod;pese;VERB;6;O
51;9;käed;käsi;NOUN;obj;pese;VERB;6;O
51;10;puhtaks;puhas;ADJ;xcomp;pese;VERB;6;O
51;11;.;.;PUNCT;punct;räägi;VERB;2;O
52;1;Pidin;pidama;AUX;aux;seisma;VERB;2;O
52;2;seisma;seisma;VERB;root;root;;0;O
52;3;hiiglama;hiiglama;ADJ;amod;WC;PROPN;5;O
52;4;pikas;pikk;ADJ;amod;järjekorras;NOUN;6;O
52;5;WC;WC;PROPN;nmod;järjekorras;NOUN;6;O
52;6;järjekorras;järjekord;NOUN;obl;seisma;VERB;2;O
52;7;.;.;PUNCT;punct;seisma;VERB;2;O
53;1;Kui;kui;SCONJ;mark;pääsesin;VERB;4;O
53;2;lauda;laut;NOUN;obl;pääsesin;VERB;4;O
53;3;tagasi;tagasi;ADV;compound:prt;pääsesin;VERB;4;O
53;4;pääsesin;pääsema;VERB;advcl;serveeritud;ADJ;8;O
53;5;,;,;PUNCT;punct;pääsesin;VERB;4;O
53;6;oli;olema;AUX;cop;serveeritud;ADJ;8;O
53;7;toit;toit;NOUN;nsubj:cop;serveeritud;ADJ;8;O
53;8;serveeritud;serveeritud;ADJ;root;root;;0;O
53;9;ja;ja;CCONJ;cc;süvenenud;VERB;12;O
53;10;ema;ema;NOUN;nmod;arvutisse;NOUN;11;O
53;11;arvutisse;arvuti;NOUN;obl;süvenenud;VERB;12;O
53;12;süvenenud;süvenema;VERB;conj;serveeritud;ADJ;8;O
53;13;.;.;PUNCT;punct;serveeritud;ADJ;8;O
54;1;Sõin;sööma;VERB;root;root;;0;O
54;2;ja;ja;CCONJ;cc;vahtisin;VERB;3;O
54;3;vahtisin;vahtima;VERB;conj;Sõin;VERB;1;O
54;4;aknast;aken;NOUN;obl;vahtisin;VERB;3;O
54;5;välja;välja;ADV;compound:prt;vahtisin;VERB;3;O
54;6;.;.;PUNCT;punct;Sõin;VERB;1;O
55;1;Üks;üks;DET;det;poiss;NOUN;4;O
55;2;umbes;umbes;ADV;advmod;minuvanune;ADJ;3;O
55;3;minuvanune;minuvanune;ADJ;amod;poiss;NOUN;4;O
55;4;poiss;poiss;NOUN;nsubj;ukerdas;VERB;5;O
55;5;ukerdas;ukerdama;VERB;root;root;;0;O
55;6;vastasmaja;vastasmaja;NOUN;obj;ukerdas;VERB;5;O
55;7;plangul;plank;NOUN;obl;ukerdas;VERB;5;O
55;8;.;.;PUNCT;punct;ukerdas;VERB;5;O
56;1;Ta;tema;PRON;nsubj;roninud;VERB;3;O
56;2;oli;olema;AUX;aux;roninud;VERB;3;O
56;3;roninud;ronima;VERB;root;root;;0;O
56;4;esmalt;esmalt;ADV;advmod;roninud;VERB;3;O
56;5;pingi;pink;NOUN;nmod;seljatoele;NOUN;6;O
56;6;seljatoele;seljatugi;NOUN;obl;roninud;VERB;3;O
56;7;,;,;PUNCT;punct;plangule;NOUN;10;O
56;8;sealt;sealt;ADV;advmod;plangule;NOUN;10;O
56;9;edasi;edasi;ADV;advmod;plangule;NOUN;10;O
56;10;plangule;plang;NOUN;obl;roninud;VERB;3;O
56;11;ning;ning;CCONJ;cc;üritas;VERB;12;O
56;12;üritas;üritama;VERB;conj;roninud;VERB;3;O
56;13;nüüd;nüüd;ADV;advmod;üritas;VERB;12;O
56;14;ennast;ise;PRON;obj;hiivata;VERB;16;O
56;15;tuletõrjeredelile;tuletõrjer;NOUN;obl;hiivata;VERB;16;O
56;16;hiivata;hiibama;VERB;xcomp;üritas;VERB;12;O
56;17;.;.;PUNCT;punct;roninud;VERB;3;O
57;1;Mul;mina;PRON;obl;läks;VERB;2;O
57;2;läks;minema;VERB;root;root;;0;O
57;3;põnevaks;põnev;ADJ;xcomp;läks;VERB;2;O
57;4;.;.;PUNCT;punct;läks;VERB;2;O
58;1;Pean;pidama;AUX;aux;ütlema;VERB;2;O
58;2;ütlema;ütlema;VERB;root;root;;0;O
58;3;,;,;PUNCT;punct;käpp;NOUN;9;O
58;4;et;et;SCONJ;mark;käpp;NOUN;9;O
58;5;ronimises;ronimine;NOUN;obl;käpp;NOUN;9;O
58;6;olen;olema;AUX;cop;käpp;NOUN;9;O
58;7;ma;mina;PRON;nsubj:cop;käpp;NOUN;9;O
58;8;kõva;kõva;ADJ;amod;käpp;NOUN;9;O
58;9;käpp;käpp;NOUN;ccomp;ütlema;VERB;2;O
58;10;turnida;turnima;VERB;acl;käpp;NOUN;9;O
58;11;puu;puu;NOUN;obl;turnida;VERB;10;O
58;12;otsas;otsas;ADP;case;puu;NOUN;11;O
58;13;redelil;redel;NOUN;nmod;ronimisköiel;NOUN;14;O
58;14;ronimisköiel;ronimisköis;NOUN;obl;turnida;VERB;10;O
58;15;,;,;PUNCT;punct;vaateplatvormil;NOUN;16;O
58;16;vaateplatvormil;vaateplatvorm;NOUN;conj;ronimisköiel;NOUN;14;O
58;17;või;või;CCONJ;cc;seikluspargis;NOUN;19;O
58;18;vinges;vinge;ADJ;amod;seikluspargis;NOUN;19;O
58;19;seikluspargis;seikluspark;NOUN;conj;ronimisköiel;NOUN;14;O
58;20;on;olema;AUX;cop;etem;ADJ;21;O
58;21;etem;etem;ADJ;conj;käpp;NOUN;9;O
58;22;kui;kui;SCONJ;mark;ajaviide;NOUN;26;O
58;23;mis;mis;PRON;obl;tahes;ADV;24;O
58;24;tahes;tahes;ADV;advmod;ajaviide;NOUN;26;O
58;25;muu;muu;PRON;amod;ajaviide;NOUN;26;O
58;26;ajaviide;ajaviide;NOUN;advcl;etem;ADJ;21;O
58;27;.;.;PUNCT;punct;ütlema;VERB;2;O
59;1;Viga;viga;NOUN;nsubj:cop;selles;PRON;3;O
59;2;on;olema;AUX;cop;selles;PRON;3;O
59;3;selles;see;PRON;root;root;;0;O
59;4;,;,;PUNCT;punct;kiida;VERB;9;O
59;5;et;et;SCONJ;mark;kiida;VERB;9;O
59;6;täiskasvanud;täiskasvanud;ADJ;amod;inimesed;NOUN;7;O
59;7;inimesed;inimene;NOUN;nsubj;kiida;VERB;9;O
59;8;ei;ei;AUX;aux;kiida;VERB;9;O
59;9;kiida;kiitma;VERB;acl;selles;PRON;3;O
59;10;seda;see;PRON;obj;kiida;VERB;9;O
59;11;alati;alati;ADV;advmod;kiida;VERB;9;O
59;12;heaks;heaks;ADV;compound:prt;kiida;VERB;9;O
59;13;eriti;eriti;ADV;advmod;siis;ADV;14;O
59;14;siis;siis;ADV;advmod;kiida;VERB;9;O
59;15;,;,;PUNCT;punct;puudutab;VERB;18;O
59;16;kui;kui;SCONJ;mark;puudutab;VERB;18;O
59;17;asi;asi;NOUN;nsubj;puudutab;VERB;18;O
59;18;puudutab;puudutama;VERB;advcl;kiida;VERB;9;O
59;19;nende;tema;PRON;nmod;redeleid;NOUN;21;O
59;20;enda;ise;PRON;nmod;nende;PRON;19;O
59;21;redeleid;redel;NOUN;obj;puudutab;VERB;18;O
59;22;või;või;CCONJ;cc;õunapuid;NOUN;23;O
59;23;õunapuid;õunapu;NOUN;conj;redeleid;NOUN;21;O
59;24;.;.;PUNCT;punct;selles;PRON;3;O
60;1;Pealegi;pealegi;ADV;advmod;arvatakse;VERB;2;O
60;2;arvatakse;arvama;VERB;root;root;;0;O
60;3;,;,;PUNCT;punct;turnima;VERB;9;O
60;4;et;et;SCONJ;mark;turnima;VERB;9;O
60;5;tüdrukud;tüdruk;NOUN;nsubj;turnima;VERB;9;O
60;6;ei;ei;AUX;aux;turnima;VERB;9;O
60;7;peaks;pidama;AUX;aux;turnima;VERB;9;O
60;8;kõrgustes;kõrgus;NOUN;obl;turnima;VERB;9;O
60;9;turnima;turnima;VERB;ccomp;arvatakse;VERB;2;O
60;10;,;,;PUNCT;punct;kuduma;VERB;14;O
60;11;vaid;vaid;CCONJ;cc;kuduma;VERB;14;O
60;12;pigem;pigem;ADV;advmod;kuduma;VERB;14;O
60;13;kodus;kodu;NOUN;obl;kuduma;VERB;14;O
60;14;kuduma;kuduma;VERB;conj;turnima;VERB;9;O
60;15;või;või;CCONJ;cc;käima;VERB;17;O
60;16;tantsutrennis;tantsutrenn;NOUN;obl;käima;VERB;17;O
60;17;käima;käima;VERB;conj;turnima;VERB;9;O
60;18;.;.;PUNCT;punct;arvatakse;VERB;2;O
61;1;Jälgisin;jälgima;VERB;root;root;;0;O
61;2;poisi;poiss;NOUN;nmod;edusamme;NOUN;3;O
61;3;edusamme;edusamm;NOUN;obj;Jälgisin;VERB;1;O
61;4;täie;täis;ADJ;amod;tähelepanuga;NOUN;5;O
61;5;tähelepanuga;tähelepanu;NOUN;obl;Jälgisin;VERB;1;O
61;6;.;.;PUNCT;punct;Jälgisin;VERB;1;O
62;1;Tal;tema;PRON;obl;õnnestus;VERB;2;O
62;2;õnnestus;õnnestuma;VERB;root;root;;0;O
62;3;peaaegu;peaaegu;ADV;advmod;ennast;PRON;4;O
62;4;ennast;ise;PRON;obj;küünitada;VERB;7;O
62;5;plangult;plank;NOUN;obl;küünitada;VERB;7;O
62;6;redelini;redel;NOUN;obl;küünitada;VERB;7;O
62;7;küünitada;küünitama;VERB;csubj;õnnestus;VERB;2;O
62;8;kui;kui;SCONJ;mark;ulatunud;VERB;15;O
62;9;talumise;talumine;NOUN;nmod;redeli;NOUN;10;O
62;10;redeli;redel;NOUN;nmod;pulgani;NOUN;11;O
62;11;pulgani;pulk;NOUN;obl;ulatunud;VERB;15;O
62;12;sõrmed;sõrm;NOUN;nsubj;ulatunud;VERB;15;O
62;13;siiski;siiski;ADV;advmod;ulatunud;VERB;15;O
62;14;ei;ei;AUX;aux;ulatunud;VERB;15;O
62;15;ulatunud;ulatuma;VERB;advcl;õnnestus;VERB;2;O
62;16;.;.;PUNCT;punct;õnnestus;VERB;2;O
63;1;Huvitav;huvitav;ADJ;root;root;;0;O
63;2;,;,;PUNCT;punct;mõtleb;VERB;6;O
63;3;mida;mis;PRON;obj;teha;VERB;7;O
63;4;ta;tema;PRON;nsubj;mõtleb;VERB;6;O
63;5;edasi;edasi;ADV;compound:prt;mõtleb;VERB;6;O
63;6;mõtleb;mõtlema;VERB;csubj:cop;Huvitav;ADJ;1;O
63;7;teha;tegema;VERB;xcomp;mõtleb;VERB;6;O
63;8;?;?;PUNCT;punct;Huvitav;ADJ;1;O
64;1;Pois;Pois;PROPN;nsubj;saatis;VERB;2;O
64;2;saatis;saatma;VERB;root;root;;0;O
64;3;kontrolliva;kontrolliv;ADJ;acl;pilgu;NOUN;4;O
64;4;pilgu;pilk;NOUN;obj;saatis;VERB;2;O
64;5;tänavale;tänav;NOUN;obl;saatis;VERB;2;O
64;6;.;.;PUNCT;punct;saatis;VERB;2;O
65;1;Mitte;mitte;ADV;advmod;keegi;PRON;2;O
65;2;keegi;keegi;PRON;nsubj;märganud;VERB;9;O
65;3;edasi-tagasi;edasi-tagasi;ADV;advmod;sagivatest;ADJ;4;O
65;4;sagivatest;sagiv;ADJ;acl;inimestest;NOUN;5;O
65;5;inimestest;inimene;NOUN;obl;märganud;VERB;9;O
65;6;ei;ei;AUX;aux;märganud;VERB;9;O
65;7;olnud;olema;AUX;aux;märganud;VERB;9;O
65;8;teda;tema;PRON;obj;märganud;VERB;9;O
65;9;märganud;märkama;VERB;root;root;;0;O
65;10;.;.;PUNCT;punct;märganud;VERB;9;O
66;1;Pois;Pois;PROPN;nsubj;silmitses;VERB;2;O
66;2;silmitses;silmitsema;VERB;root;root;;0;O
66;3;taas;taas;ADV;advmod;silmitses;VERB;2;O
66;4;redelit;redel;NOUN;obj;silmitses;VERB;2;O
66;5;,;,;PUNCT;punct;hindas;VERB;6;O
66;6;hindas;hindama;VERB;conj;silmitses;VERB;2;O
66;7;vahemaad;vahe-maa;NOUN;obj;hindas;VERB;6;O
66;8;,;,;PUNCT;punct;võttis;VERB;9;O
66;9;võttis;võtma;VERB;conj;silmitses;VERB;2;O
66;10;hoogu;hoog;NOUN;obj;võttis;VERB;9;O
66;11;ja;ja;CCONJ;cc;hüppas;VERB;12;O
66;12;hüppas;hüppama;VERB;conj;silmitses;VERB;2;O
66;13;.;.;PUNCT;punct;silmitses;VERB;2;O
67;1;Tõesõna;Tõesõna;PROPN;vocative;tõukas;VERB;3;O
67;2;,;,;PUNCT;punct;tõukas;VERB;3;O
67;3;tõukas;tõukama;VERB;root;root;;0;O
67;4;end;ise;PRON;obj;tõukas;VERB;3;O
67;5;plangu;plank;NOUN;nmod;servalt;NOUN;6;O
67;6;servalt;serv;NOUN;obl;tõukas;VERB;3;O
67;7;lahti;lahti;ADV;compound:prt;tõukas;VERB;3;O
67;8;,;,;PUNCT;punct;rabas;VERB;9;O
67;9;rabas;rabama;VERB;conj;tõukas;VERB;3;O
67;10;kätega;käsi;NOUN;obl;rabas;VERB;9;O
67;11;redelist;redel;NOUN;obl;rabas;VERB;9;O
67;12;ja;ja;CCONJ;cc;jäi;VERB;13;O
67;13;jäi;jääma;VERB;conj;tõukas;VERB;3;O
67;14;sinna;sinna;ADV;advmod;jäi;VERB;13;O
67;15;kõlkuma;kõlkuma;VERB;xcomp;jäi;VERB;13;O
67;16;.;.;PUNCT;punct;tõukas;VERB;3;O
68;1;Jalad;jalg;NOUN;root;root;;0;O
68;2;õhus;õhk;NOUN;nmod;Jalad;NOUN;1;O
68;3;.;.;PUNCT;punct;Jalad;NOUN;1;O
69;1;Oh;oh;INTJ;discourse;tulemuseks;NOUN;13;O
69;2;sa;sina;PRON;nsubj:cop;tulemuseks;NOUN;13;O
69;3;,;,;PUNCT;punct;saanud;VERB;10;O
69;4;kui;kui;SCONJ;mark;saanud;VERB;10;O
69;5;ta;tema;PRON;nsubj;saanud;VERB;10;O
69;6;poleks;olema;AUX;aux;saanud;VERB;10;O
69;7;sõrmedega;sõrm;NOUN;obl;saanud;VERB;10;O
69;8;pulgast;pulk;NOUN;obl;saanud;VERB;10;O
69;9;kinni;kinni;ADV;compound:prt;saanud;VERB;10;O
69;10;saanud;saama;VERB;advcl;tulemuseks;NOUN;13;O
69;11;,;,;PUNCT;punct;saanud;VERB;10;O
69;12;oleks;olema;AUX;aux;tulemuseks;NOUN;13;O
69;13;tulemuseks;tulemus;NOUN;root;root;;0;O
69;14;olnud;olema;AUX;cop;tulemuseks;NOUN;13;O
69;15;kokkupõrge;kokkupõrge;NOUN;nsubj:cop;tulemuseks;NOUN;13;O
69;16;asfaldiga;asfalt;NOUN;nmod;kokkupõrge;NOUN;15;O
69;17;ja;ja;CCONJ;cc;põlved;NOUN;19;O
69;18;verised;verine;ADJ;amod;põlved;NOUN;19;O
69;19;põlved;põlv;NOUN;conj;kokkupõrge;NOUN;15;O
69;20;.;.;PUNCT;punct;tulemuseks;NOUN;13;O
70;1;See;see;PRON;nsubj:cop;sooritus;NOUN;4;O
70;2;oli;olema;AUX;cop;sooritus;NOUN;4;O
70;3;kiiduväärt;kiiduväärt;ADJ;amod;sooritus;NOUN;4;O
70;4;sooritus;sooritus;NOUN;root;root;;0;O
70;5;.;.;PUNCT;punct;sooritus;NOUN;4;O
71;1;Tõusin;tõusma;VERB;root;root;;0;O
71;2;lauast;laud;NOUN;obl;Tõusin;VERB;1;O
71;3;ja;ja;CCONJ;cc;astusin;VERB;4;O
71;4;astusin;astuma;VERB;conj;Tõusin;VERB;1;O
71;5;akna;aken;NOUN;obl;astusin;VERB;4;O
71;6;juurde;juurde;ADP;case;akna;NOUN;5;O
71;7;,;,;PUNCT;punct;ekraanil;NOUN;12;O
71;8;emal;ema;NOUN;obl;ekraanil;NOUN;12;O
71;9;olid;olema;AUX;cop;ekraanil;NOUN;12;O
71;10;silmad;silm;NOUN;nsubj:cop;ekraanil;NOUN;12;O
71;11;jätkuvalt;jätkuvalt;ADV;advmod;ekraanil;NOUN;12;O
71;12;ekraanil;ekraan;NOUN;conj;Tõusin;VERB;1;O
71;13;.;.;PUNCT;punct;Tõusin;VERB;1;O
72;1;Ronija;ronija;NOUN;nsubj;nautivat;VERB;5;O
72;2;näis;näima;AUX;aux;nautivat;VERB;5;O
72;3;oma;oma;PRON;nmod;olukorda;NOUN;4;O
72;4;olukorda;olukord;NOUN;obj;nautivat;VERB;5;O
72;5;nautivat;nautima;VERB;root;root;;0;O
72;6;.;.;PUNCT;punct;nautivat;VERB;5;O
73;1;Olles;olema;AUX;aux;kõlkunud;VERB;5;O
73;2;pisut;pisut;ADV;advmod;aega;NOUN;3;O
73;3;aega;aeg;NOUN;obl;kõlkunud;VERB;5;O
73;4;lihtsalt;lihtsalt;ADV;advmod;kõlkunud;VERB;5;O
73;5;kõlkunud;kõlkuma;VERB;advcl;hiivas;VERB;7;O
73;6;,;,;PUNCT;punct;kõlkunud;VERB;5;O
73;7;hiivas;hiivama;VERB;root;root;;0;O
73;8;ta;tema;PRON;nsubj;hiivas;VERB;7;O
73;9;end;ise;PRON;obj;hiivas;VERB;7;O
73;10;ülespoole;ülespoole;ADV;advmod;hiivas;VERB;7;O
73;11;jalgadega;jalg;NOUN;obl;otsides;VERB;14;O
73;12;seinalt;sein;NOUN;obl;otsides;VERB;14;O
73;13;tuge;tugi;NOUN;obj;otsides;VERB;14;O
73;14;otsides;otsima;VERB;advcl;sai;VERB;15;O
73;15;sai;saama;VERB;conj;hiivas;VERB;7;O
73;16;kätega;käsi;NOUN;obl;sai;VERB;15;O
73;17;järgmisest;järgmine;ADJ;amod;redelipulgast;NOUN;18;O
73;18;redelipulgast;redelipulk;NOUN;obl;sai;VERB;15;O
73;19;kinni;kinni;ADV;compound:prt;sai;VERB;15;O
73;20;.;.;PUNCT;punct;hiivas;VERB;7;O
74;1;Natuke;natuke;ADV;advmod;veel;ADV;2;O
74;2;veel;veel;ADV;advmod;vinna;VERB;3;O
74;3;vinna;vinnama;VERB;root;root;;0;O
74;4;Mihkja;Mihkja;PROPN;nmod;sikutamist;NOUN;5;O
74;5;sikutamist;sikutamine;NOUN;obj;vinna;VERB;3;O
74;6;ning;ning;CCONJ;cc;seisis;VERB;8;O
74;7;pois;pois;NOUN;nsubj;seisis;VERB;8;O
74;8;seisis;seisma;VERB;conj;vinna;VERB;3;O
74;9;kindlalt;kindlalt;ADV;advmod;seisis;VERB;8;O
74;10;redelil;redel;NOUN;obl;seisis;VERB;8;O
74;11;.;.;PUNCT;punct;vinna;VERB;3;O
75;1;Mul;mina;PRON;obl;põnev;ADJ;4;O
75;2;oli;olema;AUX;cop;põnev;ADJ;4;O
75;3;nii;nii;ADV;advmod;põnev;ADJ;4;O
75;4;põnev;põnev;ADJ;root;root;;0;O
75;5;,;,;PUNCT;punct;unustasin;VERB;7;O
75;6;et;et;SCONJ;mark;unustasin;VERB;7;O
75;7;unustasin;unustama;VERB;csubj:cop;põnev;ADJ;4;O
75;8;vist;vist;ADV;advmod;unustasin;VERB;7;O
75;9;vahepeal;vahepeal;ADV;advmod;unustasin;VERB;7;O
75;10;hingatagi;hingama;VERB;xcomp;unustasin;VERB;7;O
75;11;.;.;PUNCT;punct;põnev;ADJ;4;O
76;1;Oleksin;olema;AUX;aux;tahtnud;VERB;2;O
76;2;tahtnud;tahtma;VERB;root;root;;0;O
76;3;välja;välja;ADV;compound:prt;joosta;VERB;4;O
76;4;joosta;jooksma;VERB;xcomp;tahtnud;VERB;2;O
76;5;ja;ja;CCONJ;cc;ronida;VERB;8;O
76;6;poisile;poiss;NOUN;obl;ronida;VERB;8;O
76;7;järele;järele;ADV;compound:prt;ronida;VERB;8;O
76;8;ronida;ronima;VERB;conj;joosta;VERB;4;O
76;9;.;.;PUNCT;punct;tahtnud;VERB;2;O
77;1;Aga;aga;CCONJ;cc;naelutas;VERB;4;O
77;2;ema;ema;NOUN;nmod;kohalolu;NOUN;3;O
77;3;kohalolu;kohalolu;NOUN;nsubj;naelutas;VERB;4;O
77;4;naelutas;naelutama;VERB;root;root;;0;O
77;5;mu;mina;PRON;obl;naelutas;VERB;4;O
77;6;paigale;paigale;ADP;case;mu;PRON;5;O
77;7;.;.;PUNCT;punct;naelutas;VERB;4;O
78;1;Pidin;pidama;AUX;aux;jääma;VERB;3;O
78;2;seekord;seekord;ADV;advmod;jääma;VERB;3;O
78;3;jääma;jääma;VERB;root;root;;0;O
78;4;pealtvaatajaks;pealtvaataja;NOUN;xcomp;jääma;VERB;3;O
78;5;.;.;PUNCT;punct;jääma;VERB;3;O
79;1;Tänaval;tänav;NOUN;obl;käis;VERB;2;O
79;2;käis;käima;VERB;root;root;;0;O
79;3;liiklus;liiklus;NOUN;nsubj;käis;VERB;2;O
79;4;omasoodu;omasoodu;ADV;advmod;käis;VERB;2;O
79;5;,;,;PUNCT;punct;üks;DET;6;O
79;6;üks;üks;DET;conj;käis;VERB;2;O
79;7;lokkidega;lokk;NOUN;nmod;üks;DET;6;O
79;8;,;,;PUNCT;punct;väljus;VERB;10;O
79;9;naisterahvas;naisterahvas;NOUN;nsubj;väljus;VERB;10;O
79;10;väljus;väljuma;VERB;conj;käis;VERB;2;O
79;11;kohvikust;kohvik;NOUN;obl;väljus;VERB;10;O
79;12;ja;ja;CCONJ;cc;rääkis;VERB;13;O
79;13;rääkis;rääkima;VERB;conj;käis;VERB;2;O
79;14;naeru;naer;NOUN;obj;lõkerdades;VERB;15;O
79;15;lõkerdades;lõkerdama;VERB;advcl;rääkis;VERB;13;O
79;16;midagi;miski;PRON;nmod;mobiiltelefoni;NOUN;17;O
79;17;mobiiltelefoni;mobiiltelefon;NOUN;obj;rääkis;VERB;13;O
79;18;.;.;PUNCT;punct;käis;VERB;2;O
80;1;Pois;Pois;PROPN;nsubj;silmitses;VERB;2;O
80;2;silmitses;silmitsema;VERB;root;root;;0;O
80;3;teda;tema;PRON;obj;silmitses;VERB;2;O
80;4;pikalt;pikalt;ADV;advmod;silmitses;VERB;2;O
80;5;.;.;PUNCT;punct;silmitses;VERB;2;O
81;1;Kui;kui;SCONJ;mark;eemaldus;VERB;3;O
81;2;naine;naine;NOUN;nsubj;eemaldus;VERB;3;O
81;3;eemaldus;eemalduma;VERB;advcl;keskendus;VERB;5;O
81;4;,;,;PUNCT;punct;eemaldus;VERB;3;O
81;5;keskendus;keskenduma;VERB;root;root;;0;O
81;6;ta;tema;PRON;nsubj;keskendus;VERB;5;O
81;7;jällegi;jällegi;ADV;advmod;keskendus;VERB;5;O
81;8;ronimisele;ronimine;NOUN;obl;keskendus;VERB;5;O
81;9;.;.;PUNCT;punct;keskendus;VERB;5;O
82;1;Ega;ega;ADV;advmod;keeruline;ADJ;6;O
82;2;redelil;redel;NOUN;obl;turnida;VERB;3;O
82;3;turnida;turnima;VERB;csubj:cop;keeruline;ADJ;6;O
82;4;pole;olema;AUX;cop;keeruline;ADJ;6;O
82;5;põrmugi;põrmugi;ADV;advmod;keeruline;ADJ;6;O
82;6;keeruline;keeruline;ADJ;root;root;;0;O
82;7;.;.;PUNCT;punct;keeruline;ADJ;6;O
83;1;Iseasi;iseasi;NOUN;nsubj;on;AUX;2;O
83;2;on;olema;AUX;root;root;;0;O
83;3;,;,;PUNCT;punct;julged;ADJ;6;O
83;4;kui;kui;SCONJ;mark;julged;ADJ;6;O
83;5;kõrgele;kõrgele;ADV;advmod;julged;ADJ;6;O
83;6;julged;julge;ADJ;advcl;on;AUX;2;O
83;7;minna;minema;VERB;csubj:cop;julged;ADJ;6;O
83;8;.;.;PUNCT;punct;on;AUX;2;O
84;1;See;see;DET;det;maja;NOUN;2;O
84;2;maja;maja;NOUN;nsubj:cop;viiekorruseline;ADJ;5;O
84;3;siin;siin;ADV;advmod;viiekorruseline;ADJ;5;O
84;4;oli;olema;AUX;cop;viiekorruseline;ADJ;5;O
84;5;viiekorruseline;viiekorruseline;ADJ;root;root;;0;O
84;6;ja;ja;CCONJ;cc;lõpes;VERB;8;O
84;7;redel;redel;NOUN;nsubj;lõpes;VERB;8;O
84;8;lõpes;lõppema;VERB;conj;viiekorruseline;ADJ;5;O
84;9;katusel;katus;NOUN;obl;lõpes;VERB;8;O
84;10;.;.;PUNCT;punct;viiekorruseline;ADJ;5;O
85;1;Poiss;poiss;NOUN;nsubj;hakkas;VERB;2;O
85;2;hakkas;hakkama;VERB;root;root;;0;O
85;3;ronima;ronima;VERB;xcomp;hakkas;VERB;2;O
85;4;.;.;PUNCT;punct;hakkas;VERB;2;O
86;1;Ta;tema;PRON;nsubj:cop;osav;ADJ;3;O
86;2;oli;olema;AUX;cop;osav;ADJ;3;O
86;3;osav;osav;ADJ;root;root;;0;O
86;4;nagu;nagu;SCONJ;mark;ämblikmees;NOUN;5;O
86;5;ämblikmees;ämblikmees;NOUN;advcl;osav;ADJ;3;O
86;6;.;.;PUNCT;punct;osav;ADJ;3;O
87;1;Esimesed;esimene;ADJ;amod;korrust;NOUN;3;O
87;2;kaks;kaks;NUM;nummod;korrust;NOUN;3;O
87;3;korrust;korrus;NOUN;nsubj;läksid;VERB;4;O
87;4;läksid;minema;VERB;root;root;;0;O
87;5;ludinal;ludinal;NOUN;obl;läksid;VERB;4;O
87;6;.;.;PUNCT;punct;läksid;VERB;4;O
88;1;Kolmandal;kolmas;ADJ;amod;korrusel;NOUN;2;O
88;2;korrusel;korrus;NOUN;obl;pidas;VERB;3;O
88;3;pidas;pidama;VERB;root;root;;0;O
88;4;ta;tema;PRON;nsubj;pidas;VERB;3;O
88;5;korraks;korraks;ADV;advmod;pidas;VERB;3;O
88;6;kinni;kinni;ADV;compound:prt;pidas;VERB;3;O
88;7;ja;ja;CCONJ;cc;vaatas;VERB;8;O
88;8;vaatas;vaatama;VERB;conj;pidas;VERB;3;O
88;9;alla;alla;ADV;compound:prt;vaatas;VERB;8;O
88;10;.;.;PUNCT;punct;pidas;VERB;3;O
89;1;Uskuge;uskuma;VERB;root;root;;0;O
89;2;mind;mina;PRON;obj;Uskuge;VERB;1;O
89;3;,;,;PUNCT;punct;midagi;PRON;8;O
89;4;kolmas;kolmas;ADJ;amod;korrus;NOUN;5;O
89;5;korrus;korrus;NOUN;nsubj:cop;midagi;PRON;8;O
89;6;juba;juba;ADV;advmod;midagi;PRON;8;O
89;7;on;olema;AUX;cop;midagi;PRON;8;O
89;8;midagi;miski;PRON;conj;Uskuge;VERB;1;O
89;9;.;.;PUNCT;punct;Uskuge;VERB;1;O
90;1;Ma;mina;PRON;nsubj;tean;VERB;2;O
90;2;tean;teadma;VERB;root;root;;0;O
90;3;,;,;PUNCT;punct;räägin;VERB;5;O
90;4;millest;mis;PRON;obl;räägin;VERB;5;O
90;5;räägin;rääkima;VERB;ccomp;tean;VERB;2;O
90;6;.;.;PUNCT;punct;tean;VERB;2;O
91;1;See;see;PRON;nsubj:cop;rekord;NOUN;4;O
91;2;on;olema;AUX;cop;rekord;NOUN;4;O
91;3;minu;mina;PRON;nmod;rekord;NOUN;4;O
91;4;rekord;rekord;NOUN;root;root;;0;O
91;5;.;.;PUNCT;punct;rekord;NOUN;4;O
92;1;Jälgisin;jälgima;VERB;root;root;;0;O
92;2;poisi;poiss;NOUN;obj;Jälgisin;VERB;1;O
92;3;iga;iga;DET;det;liigutust;NOUN;4;O
92;4;liigutust;liigutus;NOUN;obj;Jälgisin;VERB;1;O
92;5;.;.;PUNCT;punct;Jälgisin;VERB;1;O
93;1;Teekond;teekond;NOUN;nsubj;jätkus;VERB;2;O
93;2;jätkus;jätkuma;VERB;root;root;;0;O
93;3;võib-olla;võib-olla;ADV;advmod;jätkus;VERB;2;O
93;4;pisut;pisut;ADV;advmod;aeglasemalt;ADV;5;O
93;5;aeglasemalt;aeglasemalt;ADV;advmod;jätkus;VERB;2;O
93;6;,;,;PUNCT;punct;ületatud;ADJ;8;O
93;7;aga;aga;CCONJ;cc;ületatud;ADJ;8;O
93;8;ületatud;ületama;ADJ;conj;jätkus;VERB;2;O
93;9;sai;saama;VERB;aux;ületatud;ADJ;8;O
93;10;ka;ka;ADV;advmod;korrus;NOUN;12;O
93;11;neljas;neljas;ADJ;amod;korrus;NOUN;12;O
93;12;korrus;korrus;NOUN;nsubj;sai;VERB;9;O
93;13;.;.;PUNCT;punct;jätkus;VERB;2;O
94;1;Poiss;poiss;NOUN;nsubj;peatus;VERB;2;O
94;2;peatus;peatuma;VERB;root;root;;0;O
94;3;uuesti;uuesti;ADV;advmod;peatus;VERB;2;O
94;4;.;.;PUNCT;punct;peatus;VERB;2;O
95;1;Kas;kas;ADV;advmod;jaksab;VERB;3;O
95;2;ta;tema;PRON;nsubj;jaksab;VERB;3;O
95;3;jaksab;jaksama;VERB;root;root;;0;O
95;4;?;?;PUNCT;punct;jaksab;VERB;3;O
96;1;Kas;kas;ADV;advmod;läheb;VERB;4;O
96;2;ta;tema;PRON;nsubj;läheb;VERB;4;O
96;3;tõesti;tõesti;ADV;advmod;läheb;VERB;4;O
96;4;läheb;minema;VERB;root;root;;0;O
96;5;katuseni;katus;NOUN;obl;läheb;VERB;4;O
96;6;välja;välja;ADV;compound:prt;läheb;VERB;4;O
96;7;?;?;PUNCT;punct;läheb;VERB;4;O
97;1;See;see;PRON;nsubj:cop;saavutus;NOUN;4;O
97;2;oleks;olema;AUX;cop;saavutus;NOUN;4;O
97;3;alles;alles;ADV;advmod;saavutus;NOUN;4;O
97;4;saavutus;saavutus;NOUN;root;root;;0;O
97;5;.;.;PUNCT;punct;saavutus;NOUN;4;O
98;1;Nüüd;nüüd;ADV;advmod;aeglasemalt;ADV;4;O
98;2;juba;juba;ADV;advmod;aeglasemalt;ADV;4;O
98;3;märgatavalt;märgatavalt;ADV;advmod;aeglasemalt;ADV;4;O
98;4;aeglasemalt;aeglasemalt;ADV;root;root;;0;O
98;5;,;,;PUNCT;punct;ronis;VERB;11;O
98;6;aga;aga;CCONJ;cc;ronis;VERB;11;O
98;7;siiski;siiski;ADV;advmod;ronis;VERB;11;O
98;8;,;,;PUNCT;punct;ronis;VERB;11;O
98;9;täiesti;täiesti;ADV;advmod;kindlalt;ADV;10;O
98;10;kindlalt;kindlalt;ADV;advmod;ronis;VERB;11;O
98;11;ronis;ronima;VERB;conj;aeglasemalt;ADV;4;O
98;12;poiss;poiss;NOUN;nsubj;ronis;VERB;11;O
98;13;samm;samm;NOUN;nsubj;ronis;VERB;11;O
98;14;sammu;samm;NOUN;obl;ronis;VERB;11;O
98;15;haaval;haaval;ADV;advmod;ronis;VERB;11;O
98;16;edasi;edasi;ADV;compound:prt;ronis;VERB;11;O
98;17;.;.;PUNCT;punct;aeglasemalt;ADV;4;O
99;1;Enam;enam;ADV;advmod;vaadanud;VERB;5;O
99;2;ta;tema;PRON;nsubj;vaadanud;VERB;5;O
99;3;alla;alla;ADV;compound:prt;vaadanud;VERB;5;O
99;4;ei;ei;AUX;aux;vaadanud;VERB;5;O
99;5;vaadanud;vaatama;VERB;root;root;;0;O
99;6;ja;ja;CCONJ;cc;tegi;VERB;8;O
99;7;targasti;targasti;ADV;advmod;tegi;VERB;8;O
99;8;tegi;tegema;VERB;conj;vaadanud;VERB;5;O
99;9;ka;ka;ADV;advmod;tegi;VERB;8;O
99;10;.;.;PUNCT;punct;vaadanud;VERB;5;O
100;1;Nii;nii;ADV;advmod;kõrgel;ADV;2;O
100;2;kõrgel;kõrgel;ADV;root;root;;0;O
100;3;olles;olema;AUX;cop;kõrgel;ADV;2;O
100;4;on;olema;AUX;cop;kõrgel;ADV;2;O
100;5;muudki;muu;PRON;obj;teha;VERB;6;O
100;6;teha;tegema;VERB;csubj:cop;kõrgel;ADV;2;O
100;7;kui;kui;SCONJ;mark;vahtida;VERB;9;O
100;8;alla;alla;ADV;compound:prt;vahtida;VERB;9;O
100;9;vahtida;vahtima;VERB;advcl;teha;VERB;6;O
100;10;.;.;PUNCT;punct;kõrgel;ADV;2;O
101;1;Ronida;ronima;VERB;csubj;jäänud;VERB;3;O
101;2;olid;olema;AUX;aux;jäänud;VERB;3;O
101;3;jäänud;jääma;VERB;root;root;;0;O
101;4;viimased;viimane;ADJ;amod;astmed;NOUN;5;O
101;5;astmed;aste;NOUN;nsubj;jäänud;VERB;3;O
101;6;veel;veel;ADV;advmod;viimased;ADJ;7;O
101;7;viimased;viimane;ADJ;amod;sekundid;NOUN;8;O
101;8;sekundid;sekund;NOUN;obl;jäänud;VERB;3;O
101;9;ja;ja;CCONJ;cc;pingutused;NOUN;10;O
101;10;pingutused;pingutus;NOUN;conj;sekundid;NOUN;8;O
101;11;.;.;PUNCT;punct;jäänud;VERB;3;O
102;1;Ning;ning;CCONJ;cc;lõpuks;ADV;3;O
102;2;siis;siis;ADV;advmod;lõpuks;ADV;3;O
102;3;lõpuks;lõpuks;ADV;root;root;;0;O
102;4;oligi;olema;AUX;cop;lõpuks;ADV;3;O
102;5;kõik;kõik;PRON;nsubj:cop;lõpuks;ADV;3;O
102;6;.;.;PUNCT;punct;lõpuks;ADV;3;O
103;1;Poiss;poiss;NOUN;nsubj;jõudis;VERB;2;O
103;2;jõudis;jõudma;VERB;root;root;;0;O
103;3;katuse;katus;NOUN;nmod;servani;NOUN;4;O
103;4;servani;serv;NOUN;obl;jõudis;VERB;2;O
103;5;.;.;PUNCT;punct;jõudis;VERB;2;O
104;1;Jooksin;jooksma;VERB;root;root;;0;O
104;2;õue;õu;NOUN;obl;Jooksin;VERB;1;O
104;3;,;,;PUNCT;punct;tahtnud;VERB;5;O
104;4;oleksin;olema;AUX;aux;tahtnud;VERB;5;O
104;5;tahtnud;tahtma;VERB;conj;Jooksin;VERB;1;O
104;6;hõisata;hõissama;VERB;xcomp;tahtnud;VERB;5;O
104;7;ja;ja;CCONJ;cc;plaksutada;VERB;8;O
104;8;plaksutada;plaksutama;VERB;conj;hõisata;VERB;6;O
104;9;.;.;PUNCT;punct;Jooksin;VERB;1;O
105;1;Aga;aga;CCONJ;cc;tuli;VERB;3;O
105;2;õnneks;õnn;NOUN;obl;tuli;VERB;3;O
105;3;tuli;tulema;VERB;root;root;;0;O
105;4;mulle;mina;PRON;obl;tuli;VERB;3;O
105;5;aru;aru;NOUN;nsubj;tuli;VERB;3;O
105;6;pähe;pea;NOUN;obl;tuli;VERB;3;O
105;7;,;,;PUNCT;punct;köitnud;VERB;14;O
105;8;sest;sest;SCONJ;mark;köitnud;VERB;14;O
105;9;see;see;PRON;nsubj;köitnud;VERB;14;O
105;10;oleks;olema;AUX;aux;köitnud;VERB;14;O
105;11;kindlasti;kindlasti;ADV;advmod;köitnud;VERB;14;O
105;12;täiskasvanute;täiskasvanu;NOUN;nmod;tähelepanu;NOUN;13;O
105;13;tähelepanu;tähelepanu;NOUN;obj;köitnud;VERB;14;O
105;14;köitnud;köitnud;VERB;advcl;tuli;VERB;3;O
105;15;ja;ja;CCONJ;cc;avastatud;VERB;18;O
105;16;poiss;poiss;NOUN;obj;avastatud;VERB;18;O
105;17;oleks;olema;AUX;aux;avastatud;VERB;18;O
105;18;avastatud;avastama;VERB;conj;köitnud;VERB;14;O
105;19;.;.;PUNCT;punct;tuli;VERB;3;O
106;1;Oli;olema;AUX;cop;selgem;ADJ;3;O
106;2;selgemast;selgem;ADJ;obl;selgem;ADJ;3;O
106;3;selgem;selgem;ADJ;root;root;;0;O
106;4;,;,;PUNCT;punct;pääsenud;VERB;8;O
106;5;et;et;SCONJ;mark;pääsenud;VERB;8;O
106;6;pahandustest;pahandus;NOUN;obl;pääsenud;VERB;8;O
106;7;poleks;olema;AUX;aux;pääsenud;VERB;8;O
106;8;pääsenud;pääsema;VERB;csubj:cop;selgem;ADJ;3;O
106;9;.;.;PUNCT;punct;selgem;ADJ;3;O
107;1;Seisin;seisma;VERB;root;root;;0;O
107;2;tänaval;tänav;NOUN;obl;Seisin;VERB;1;O
107;3;,;,;PUNCT;punct;surutud;ADJ;6;O
107;4;pöidlad;pöial;NOUN;obj;surutud;ADJ;6;O
107;5;pihku;pihk;NOUN;obl;surutud;ADJ;6;O
107;6;surutud;surutud;ADJ;advcl;Seisin;VERB;1;O
107;7;ja;ja;CCONJ;cc;piilusin;VERB;8;O
107;8;piilusin;piiluma;VERB;conj;Seisin;VERB;1;O
107;9;võimalikult;võimalikult;ADV;advmod;ükskõikse;ADJ;10;O
107;10;ükskõikse;ükskõikne;ADJ;amod;pilguga;NOUN;11;O
107;11;pilguga;pilk;NOUN;obl;piilusin;VERB;8;O
107;12;üles;üles;ADV;compound:prt;piilusin;VERB;8;O
107;13;,;,;PUNCT;punct;higine;ADJ;16;O
107;14;ise;ise;ADV;advmod;higine;ADJ;16;O
107;15;ärevusest;ärevus;NOUN;obl;higine;ADJ;16;O
107;16;higine;higine;ADJ;conj;Seisin;VERB;1;O
107;17;.;.;PUNCT;punct;Seisin;VERB;1;O
108;1;Nüüd;nüüd;ADV;advmod;jäänud;VERB;3;O
108;2;oli;olema;AUX;aux;jäänud;VERB;3;O
108;3;jäänud;jääma;VERB;root;root;;0;O
108;4;meister;meister;NOUN;nsubj;jäänud;VERB;3;O
108;5;ronijal;ronijal;NOUN;obl;jäänud;VERB;3;O
108;6;del;del;NOUN;obl;tulla;VERB;8;O
108;7;alla;alla;ADV;compound:prt;tulla;VERB;8;O
108;8;tulla;tulema;VERB;xcomp;jäänud;VERB;3;O
108;9;.;.;PUNCT;punct;jäänud;VERB;3;O
109;1;Ka;ka;ADV;advmod;see;PRON;2;O
109;2;see;see;PRON;nsubj;läks;VERB;3;O
109;3;läks;minema;VERB;root;root;;0;O
109;4;libedalt;libedalt;ADV;advmod;läks;VERB;3;O
109;5;,;,;PUNCT;punct;puhkamiseks;NOUN;9;O
109;6;ta;tema;PRON;nsubj:cop;puhkamiseks;NOUN;9;O
109;7;isegi;isegi;ADV;advmod;peatunud;ADJ;8;O
109;8;peatunud;peatuma;ADJ;acl;puhkamiseks;NOUN;9;O
109;9;puhkamiseks;puhkamine;NOUN;obl;läks;VERB;3;O
109;10;.;.;PUNCT;punct;läks;VERB;3;O
110;1;Viimaks;viimaks;ADV;advmod;kõlkus;VERB;2;O
110;2;kõlkus;kõlkuma;VERB;root;root;;0;O
110;3;ta;tema;PRON;nsubj;kõlkus;VERB;2;O
110;4;jällegi;jällegi;ADV;advmod;kõlkus;VERB;2;O
110;5;kõige;kõige;ADV;advmod;alumisel;ADJ;6;O
110;6;alumisel;alumine;ADJ;amod;redelipulgal;NOUN;7;O
110;7;redelipulgal;redelipulk;NOUN;obl;kõlkus;VERB;2;O
110;8;,;,;PUNCT;punct;maandus;VERB;9;O
110;9;maandus;maanduma;VERB;conj;kõlkus;VERB;2;O
110;10;plangul;plank;NOUN;obl;maandus;VERB;9;O
110;11;,;,;PUNCT;punct;libistas;VERB;12;O
110;12;libistas;libistama;VERB;conj;kõlkus;VERB;2;O
110;13;end;ise;PRON;obj;libistas;VERB;12;O
110;14;pingile;pink;NOUN;obl;libistas;VERB;12;O
110;15;,;,;PUNCT;punct;jäi;VERB;16;O
110;16;jäi;jääma;VERB;conj;kõlkus;VERB;2;O
110;17;peopesi;peopesi;NOUN;obj;masseerides;VERB;18;O
110;18;masseerides;masseerima;VERB;advcl;jäi;VERB;16;O
110;19;istuma;istuma;VERB;xcomp;jäi;VERB;16;O
110;20;.;.;PUNCT;punct;kõlkus;VERB;2;O
111;1;Ma;mina;PRON;nsubj;teen;VERB;2;O
111;2;teen;tegema;VERB;root;root;;0;O
111;3;,;,;PUNCT;punct;teen;VERB;5;O
111;4;ma;mina;PRON;nsubj;teen;VERB;5;O
111;5;teen;tegema;VERB;conj;teen;VERB;2;O
111;6;,;,;PUNCT;punct;kostis;VERB;7;O
111;7;kostis;kostma;VERB;conj;teen;VERB;2;O
111;8;eemalt;eemalt;ADV;advmod;kostis;VERB;7;O
111;9;hele;hele;ADJ;amod;naisehääl;NOUN;10;O
111;10;naisehääl;naisehääl;NOUN;nsubj;kostis;VERB;7;O
111;11;,;,;PUNCT;punct;peen;ADJ;16;O
111;12;kus;kus;ADV;mark;peen;ADJ;16;O
111;13;sa;sina;PRON;nsubj:cop;peen;ADJ;16;O
111;14;oled;olema;AUX;cop;peen;ADJ;16;O
111;15;mar;mar;NOUN;obl;peen;ADJ;16;O
111;16;peen;peen;ADJ;acl;naisehääl;NOUN;10;O
111;17;.;.;PUNCT;punct;teen;VERB;2;O
112;1;Nurga;nurk;NOUN;obl;jooksis;VERB;3;O
112;2;tagant;tagant;ADP;case;Nurga;NOUN;1;O
112;3;jooksis;jooksma;VERB;root;root;;0;O
112;4;lagedale;lagedale;ADJ;amod;seesamalokkidega;NOUN;5;O
112;5;seesamalokkidega;seesamalokk;NOUN;nmod;proua;NOUN;6;O
112;6;proua;proua;NOUN;nsubj;jooksis;VERB;3;O
112;7;,;,;PUNCT;punct;väljunud;VERB;12;O
112;8;kes;kes;PRON;nsubj;väljunud;VERB;12;O
112;9;oli;olema;AUX;aux;väljunud;VERB;12;O
112;10;enne;enne;ADP;case;kohvikust;NOUN;11;O
112;11;kohvikust;kohvik;NOUN;obl;väljunud;VERB;12;O
112;12;väljunud;väljuma;VERB;acl:relcl;proua;NOUN;6;O
112;13;.;.;PUNCT;punct;jooksis;VERB;3;O
113;1;Nähes;nägema;VERB;advcl;tormas;VERB;6;O
113;2;poissi;poiss;NOUN;obj;Nähes;VERB;1;O
113;3;pingil;pink;NOUN;obl;istumas;VERB;4;O
113;4;istumas;istuma;VERB;xcomp;Nähes;VERB;1;O
113;5;,;,;PUNCT;punct;tormas;VERB;6;O
113;6;tormas;tormama;VERB;root;root;;0;O
113;7;daam;daam;NOUN;nsubj;tormas;VERB;6;O
113;8;tema;tema;PRON;obl;tormas;VERB;6;O
113;9;juurde;juurde;ADP;case;tema;PRON;8;O
113;10;sosista;sosista;NOUN;nmod;käsivarrest;NOUN;11;O
113;11;käsivarrest;käsi-vars;NOUN;obl;tormas;VERB;6;O
113;12;ja;ja;CCONJ;cc;tõmbas;VERB;13;O
113;13;tõmbas;tõmbama;VERB;conj;tormas;VERB;6;O
113;14;püsti;püsti;ADV;compound:prt;tõmbas;VERB;13;O
113;15;.;.;PUNCT;punct;tormas;VERB;6;O
114;1;Koos;koos;ADP;case;ameti;NOUN;2;O
114;2;ameti;amet;NOUN;obl;jäid;VERB;3;O
114;3;jäid;jääma;VERB;root;root;;0;O
114;4;.;.;PUNCT;punct;jäid;VERB;3;O
115;1;Ma;mina;PRON;nsubj;mõtlesin;VERB;2;O
115;2;mõtlesin;mõtlema;VERB;root;root;;0;O
115;3;,;,;PUNCT;punct;teab;VERB;7;O
115;4;et;et;SCONJ;mark;teab;VERB;7;O
115;5;oled;olema;AUX;aux;teab;VERB;7;O
115;6;jälle;jälle;ADV;advmod;teab;VERB;7;O
115;7;teab;teadma;VERB;ccomp;mõtlesin;VERB;2;O
115;8;kuhu;kuhu;ADV;mark;roninud;VERB;9;O
115;9;roninud;ronima;VERB;advcl;teab;VERB;7;O
115;10;,;,;PUNCT;punct;otsisin;VERB;11;O
115;11;otsisin;otsima;VERB;conj;mõtlesin;VERB;2;O
115;12;sind;sina;PRON;obj;otsisin;VERB;11;O
115;13;igalt;iga;PRON;obl;otsisin;VERB;11;O
115;14;poolt;poolt;ADV;case;igalt;PRON;13;O
115;15;.;.;PUNCT;punct;mõtlesin;VERB;2;O
116;1;Ma;mina;PRON;nsubj:cop;siin;ADV;5;O
116;2;olin;olema;AUX;cop;siin;ADV;5;O
116;3;kogu;kogu;DET;det;aeg;NOUN;4;O
116;4;aeg;aeg;NOUN;obl;siin;ADV;5;O
116;5;siin;siin;ADV;root;root;;0;O
116;6;.;.;PUNCT;punct;siin;ADV;5;O
117;1;Kind;Kind;PROPN;vocative;lipame;VERB;3;O
117;2;,;,;PUNCT;punct;lipame;VERB;3;O
117;3;lipame;lippama;VERB;root;root;;0;O
117;4;nüüd;nüüd;ADV;advmod;lipame;VERB;3;O
117;5;,;,;PUNCT;punct;meil;PRON;6;O
117;6;meil;mina;PRON;conj;lipame;VERB;3;O
117;7;on;olema;AUX;aux;tõttas;VERB;12;O
117;8;kiire;kiire;ADJ;amod;daam;NOUN;11;O
117;9;,;,;PUNCT;punct;kiire;ADJ;10;O
117;10;kiire;kiire;ADJ;amod;daam;NOUN;11;O
117;11;daam;daam;NOUN;nsubj;tõttas;VERB;12;O
117;12;tõttas;tõttama;VERB;conj;lipame;VERB;3;O
117;13;minekule;minek;NOUN;obl;tõttas;VERB;12;O
117;14;.;.;PUNCT;punct;lipame;VERB;3;O
118;1;Poiss;poiss;NOUN;nsubj;järgnes;VERB;2;O
118;2;järgnes;järgnema;VERB;root;root;;0;O
118;3;talle;tema;PRON;obl;järgnes;VERB;2;O
118;4;sõnakuulelikult;sõnakuulelikult;ADV;advmod;järgnes;VERB;2;O
118;5;,;,;PUNCT;punct;pööras;VERB;8;O
118;6;kuid;kuid;CCONJ;cc;pööras;VERB;8;O
118;7;järsku;järsku;ADV;advmod;pööras;VERB;8;O
118;8;pööras;pöörama;VERB;conj;järgnes;VERB;2;O
118;9;ümber;ümber;ADV;compound:prt;pööras;VERB;8;O
118;10;,;,;PUNCT;punct;vaatas;VERB;11;O
118;11;vaatas;vaatama;VERB;conj;järgnes;VERB;2;O
118;12;mulle;mina;PRON;obl;vaatas;VERB;11;O
118;13;otse;otse;ADV;advmod;silma;NOUN;14;O
118;14;silma;silm;NOUN;obl;vaatas;VERB;11;O
118;15;ja;ja;CCONJ;cc;sosistas;VERB;16;O
118;16;sosistas;sosistama;VERB;conj;järgnes;VERB;2;O
118;17;.;.;PUNCT;punct;järgnes;VERB;2;O
119;1;Nägin;nägema;VERB;root;root;;0;O
119;2;põimas;põimas;NOUN;obl;Nägin;VERB;1;O
119;3;.;.;PUNCT;punct;Nägin;VERB;1;O
120;1;Avastasin;avastama;VERB;root;root;;0;O
120;2;,;,;PUNCT;punct;pigistatud;VERB;10;O
120;3;et;et;SCONJ;mark;pigistatud;VERB;10;O
120;4;mul;mina;PRON;obl;pigistatud;VERB;10;O
120;5;on;olema;AUX;aux;pigistatud;VERB;10;O
120;6;pöidlad;pöial;NOUN;obj;pigistatud;VERB;10;O
120;7;ikka;ikka;ADV;advmod;pigistatud;VERB;10;O
120;8;veel;veel;ADV;advmod;pigistatud;VERB;10;O
120;9;pihku;pihk;NOUN;obl;pigistatud;VERB;10;O
120;10;pigistatud;pigistama;VERB;ccomp;Avastasin;VERB;1;O
120;11;.;.;PUNCT;punct;Avastasin;VERB;1;O
121;1;Poiss;poiss;NOUN;nsubj;noogutas;VERB;2;O
121;2;noogutas;noogutama;VERB;root;root;;0;O
121;3;ja;ja;CCONJ;cc;lippas;VERB;4;O
121;4;lippas;lippama;VERB;conj;noogutas;VERB;2;O
121;5;minema;minema;VERB;xcomp;lippas;VERB;4;O
121;6;.;.;PUNCT;punct;noogutas;VERB;2;O
122;1;Läksin;minema;VERB;root;root;;0;O
122;2;kohvikusse;kohvik;NOUN;obl;Läksin;VERB;1;O
122;3;tagasi;tagasi;ADV;compound:prt;Läksin;VERB;1;O
122;4;.;.;PUNCT;punct;Läksin;VERB;1;O
123;1;Ema;ema;NOUN;nsubj;istus;VERB;2;O
123;2;istus;istuma;VERB;root;root;;0;O
123;3;endiselt;endiselt;ADV;advmod;istus;VERB;2;O
123;4;arvuti;arvuti;NOUN;obl;istus;VERB;2;O
123;5;taga;taga;ADP;case;arvuti;NOUN;4;O
123;6;.;.;PUNCT;punct;istus;VERB;2;O
124;1;Ta;tema;PRON;nsubj;joonud;VERB;5;O
124;2;oli;olema;AUX;aux;joonud;VERB;5;O
124;3;enesele;ise;PRON;obl;märkamata;VERB;4;O
124;4;märkamata;märkama;VERB;advcl;joonud;VERB;5;O
124;5;joonud;jooma;VERB;root;root;;0;O
124;6;,;,;PUNCT;punct;jäätisekokteili;NOUN;9;O
124;7;ära;ära;ADV;compound:prt;kosutava;ADJ;8;O
124;8;kosutava;kosutav;ADJ;acl;jäätisekokteili;NOUN;9;O
124;9;jäätisekokteili;jäätisekokteil;NOUN;obj;joonud;VERB;5;O
124;10;,;,;PUNCT;punct;pistnud;VERB;11;O
124;11;pistnud;pistma;VERB;conj;joonud;VERB;5;O
124;12;nahka;nahk;NOUN;obl;pistnud;VERB;11;O
124;13;vahtrasiirupiga;vahtrasiirup;NOUN;nmod;pannkoogid;NOUN;14;O
124;14;pannkoogid;pannkook;NOUN;obj;pistnud;VERB;11;O
124;15;ja;ja;CCONJ;cc;saanud;VERB;16;O
124;16;saanud;saama;VERB;conj;joonud;VERB;5;O
124;17;ühele;üks;DET;det;poole;NUM;18;O
124;18;poole;pool;NUM;obj;saanud;VERB;16;O
124;19;kiireloomulise;kiireloomuline;ADJ;amod;meilivahetusega;NOUN;20;O
124;20;meilivahetusega;meilivahetus;NOUN;obl;saanud;VERB;16;O
124;21;.;.;PUNCT;punct;joonud;VERB;5;O
125;1;Nonii;nonii;INTJ;discourse;söönud;VERB;6;O
125;2;,;,;PUNCT;punct;söönud;VERB;6;O
125;3;Kattake;kattake;INTJ;discourse;söönud;VERB;6;O
125;4;,;,;PUNCT;punct;söönud;VERB;6;O
125;5;olemegi;olema;AUX;aux;söönud;VERB;6;O
125;6;söönud;sööma;VERB;root;root;;0;O
125;7;.;.;PUNCT;punct;söönud;VERB;6;O
126;1;Lähme;minema;VERB;root;root;;0;O
126;2;siis;siis;ADV;advmod;Lähme;VERB;1;O
126;3;koju;kodu;NOUN;obl;Lähme;VERB;1;O
126;4;tagasi;tagasi;ADV;compound:prt;Lähme;VERB;1;O
126;5;.;.;PUNCT;punct;Lähme;VERB;1;O
127;1;Me;mina;PRON;nsubj;lahkusime;VERB;2;O
127;2;lahkusime;lahkuma;VERB;root;root;;0;O
127;3;.;.;PUNCT;punct;lahkusime;VERB;2;O
128;1;Eks;eks;ADV;advmod;õhtupoolik;NOUN;5;O
128;2;olnud;olema;AUX;cop;õhtupoolik;NOUN;5;O
128;3;ju;ju;ADV;advmod;õhtupoolik;NOUN;5;O
128;4;tore;tore;ADJ;amod;õhtupoolik;NOUN;5;O
128;5;õhtupoolik;õhtupoolik;NOUN;root;root;;0;O
128;6;,;,;PUNCT;punct;ema;NOUN;8;O
128;7;päris;päris;ADV;advmod;ema;NOUN;8;O
128;8;ema;ema;NOUN;conj;õhtupoolik;NOUN;5;O
128;9;,;,;PUNCT;punct;kiirustasime;VERB;13;O
128;10;kui;kui;SCONJ;mark;kiirustasime;VERB;13;O
128;11;läbi;läbi;ADP;case;pargi;NOUN;12;O
128;12;pargi;park;NOUN;obl;kiirustasime;VERB;13;O
128;13;kiirustasime;kiirustama;VERB;advcl;ema;NOUN;8;O
128;14;.;.;PUNCT;punct;õhtupoolik;NOUN;5;O
129;1;Ja;ja;CCONJ;cc;äge;ADJ;3;O
129;2;väga;väga;ADV;advmod;äge;ADJ;3;O
129;3;äge;äge;ADJ;root;root;;0;O
129;4;.;.;PUNCT;punct;äge;ADJ;3;O
130;1;Raamatu;raamat;NOUN;nmod;Katariina;PROPN;2;O
130;2;Katariina;Katariina;PROPN;nsubj;kirjutas;VERB;5;O
130;3;ja;ja;CCONJ;cc;herned;NOUN;4;O
130;4;herned;hernes;NOUN;conj;Katariina;PROPN;2;O
130;5;kirjutas;kirjutama;VERB;root;root;;0;O
130;6;Kadri;Kadri;PROPN;obl;kirjutas;VERB;5;O
130;7;Hinrikus;Hinrik;PROPN;flat;Kadri;PROPN;6;O
130;8;,;,;PUNCT;punct;luges;VERB;9;O
130;9;luges;lugema;VERB;conj;kirjutas;VERB;5;O
130;10;Eva;Eva;PROPN;nsubj;luges;VERB;9;O
130;11;Koldits;Koldits;PROPN;flat;Eva;PROPN;10;O
130;12;.;.;PUNCT;punct;kirjutas;VERB;5;O
