lemma;upos;ner tag;count;stopword
ei;ADV;O;4;yes
kool;NOUN;O;6;no
.;PUNCT;O;252;no
Peeter;PROPN;O;6;no
Tulviste;PROPN;O;3;no
ja;CCONJ;O;265;yes
Ingo;PROPN;O;6;no
Normet;PROPN;O;4;no
kõnelema;VERB;O;2;no
teema;NOUN;O;4;no
fantaasia;NOUN;O;4;no
reaalsus;NOUN;O;2;no
,;PUNCT;O;761;no
Vaino;PROPN;O;6;no
vahing;NOUN;O;15;no
looming;NOUN;O;12;no
tere;INTJ;O;1;yes
õhtu;NOUN;O;4;no
siia;ADV;O;2;yes
Karepa;PROPN;O;1;no
kogunenud;ADJ;O;1;no
mina;PRON;O;146;yes
nimi;NOUN;O;6;no
olema;AUX;O;389;yes
teater;NOUN;O;5;no
lavastaja;NOUN;O;1;no
pedagoog;NOUN;O;1;no
kõrval;ADP;O;1;yes
istuma;VERB;O;3;no
väga-väga;ADV;O;1;no
vana;ADJ;O;3;no
tuttav;ADJ;O;2;no
kes;PRON;O;32;yes
mööp;NOUN;O;1;no
tutvuma;VERB;O;2;no
kui;SCONJ;O;61;yes
umbes;ADV;O;2;yes
kolmeaastane;ADJ;O;1;no
elama;VERB;O;7;no
lähestikku;ADV;O;1;no
järv;NOUN;O;1;no
see;PRON;O;245;yes
Tallinn;PROPN;O;9;no
Nõmme;PROPN;O;2;no
vahel;ADP;O;3;yes
pärast;ADP;O;9;yes
igasugune;DET;O;3;yes
asi;NOUN;O;41;no
koos;ADV;O;8;yes
tegema;VERB;O;32;yes
käima;VERB;O;18;no
ka;ADV;O;42;yes
üks;DET;O;35;yes
sama;DET;O;14;yes
aasta;NOUN;O;28;no
lõpetamine;NOUN;O;1;no
minema;VERB;O;27;yes
Moskva;PROPN;O;4;no
õppima;VERB;O;5;no
küll;ADV;O;6;yes
täiesti;ADV;O;7;yes
erinev;ADJ;O;3;no
ala;NOUN;O;1;no
aga;CCONJ;O;67;yes
seal;ADV;O;37;yes
palju;ADV;O;18;yes
tegemine;NOUN;O;6;no
hiljem;ADV;O;3;no
ainuke;ADJ;O;2;no
mis;PRON;O;96;yes
ei;AUX;O;83;yes
veel;ADV;O;11;yes
kunagi;ADV;O;6;yes
varem;ADV;O;1;no
meelest;ADP;O;2;yes
niimoodi;ADV;O;13;yes
kahekesi;ADV;O;1;no
esinema;VERB;O;2;no
nagu;SCONJ;O;21;yes
täna;ADV;O;3;no
Milingo;PROPN;O;1;no
kukkuma;VERB;O;1;no
välja;ADV;O;16;yes
et;SCONJ;O;153;yes
mõlema;DET;O;4;yes
eemal;ADV;O;1;yes
Eesti;PROPN;O;12;no
vaimuelu;NOUN;O;3;no
aeg;NOUN;O;39;no
kujunemine;NOUN;O;1;no
seisukoht;NOUN;O;2;no
väga;ADV;O;50;yes
oluline;ADJ;O;7;no
kuigi;SCONJ;O;5;yes
juba;ADV;O;16;yes
10.;ADJ;O;1;no
klass;NOUN;O;2;no
talvevaheaeg;NOUN;O;3;no
viimane;ADJ;O;4;no
koolipoiss;NOUN;O;1;no
mõlema;PRON;O;2;yes
gümnaasium;NOUN;O;1;no
või;CCONJ;O;36;yes
kümnes;ADJ;O;1;no
keskkool;NOUN;O;1;no
tollane;ADJ;O;2;no
kaks;NUM;O;5;no
koolivaheaeg;NOUN;O;2;no
vähemalt;ADV;O;6;yes
mõni;DET;O;10;yes
päev;NOUN;O;5;no
Tartu;PROPN;O;13;no
Vanemuine;PROPN;O;2;no
ülikool;NOUN;O;2;no
kohvik;NOUN;O;2;no
tema;PRON;O;209;yes
kolmapäev;NOUN;O;1;no
see;DET;O;95;yes
küünlavalgusõht;NOUN;O;1;no
kolmapäeviti;ADV;O;1;no
vist;ADV;O;9;yes
eks;ADV;O;5;yes
seltskond;NOUN;O;5;no
ise;PRON;O;20;yes
kõik;PRON;O;14;yes
niisugune;DET;O;51;yes
tore;ADJ;O;4;no
nii;ADV;O;37;yes
külg;NOUN;O;4;no
üldse;ADV;O;16;no
memme;NOUN;O;1;no
abiturient;NOUN;O;1;no
sees;ADV;O;4;yes
siis;ADV;O;111;yes
järsku;ADV;O;1;no
ning;CCONJ;O;3;yes
neli;NUM;O;3;no
viis;NUM;O;2;no
peamine;ADJ;O;1;no
olemine;NOUN;O;1;no
paik;NOUN;O;1;no
teine;PRON;O;14;yes
lööma;VERB;O;2;no
teatud;ADJ;O;1;no
distants;NOUN;O;3;no
saama;AUX;O;17;yes
tagasi;ADV;O;4;yes
tulema;VERB;O;31;yes
vaatama;VERB;O;18;no
kodu;NOUN;O;4;no
vahepeal;ADV;O;3;yes
toimunu;NOUN;O;1;no
muidugi;ADV;O;5;yes
samamoodi;ADV;O;4;no
pidevalt;ADV;O;2;no
kuskil;ADV;O;4;yes
mujal;ADV;O;1;yes
natukene;ADV;O;4;no
teine;DET;O;14;yes
tunne;NOUN;O;3;no
võib-olla;ADV;O;5;yes
sellepärast;ADV;O;8;yes
mulje;NOUN;O;2;no
värskem;ADJ;O;1;no
sina;PRON;O;22;yes
too;DET;O;15;yes
tekkima;VERB;O;3;no
kogu;DET;O;8;yes
supp;NOUN;O;2;no
sees;ADP;O;3;yes
siin;ADV;O;12;yes
kus;ADV;O;21;yes
niisugune;ADJ;O;9;yes
asu;NOUN;O;1;no
nõva;ADJ;O;2;no
tänav;NOUN;O;2;no
eriline;ADJ;O;4;no
roll;NOUN;O;5;no
rääkima;VERB;O;29;no
ega;ADV;O;3;yes
mees;NOUN;O;6;no
kuidagimoodi;ADV;O;1;no
mööda;ADV;O;1;yes
inimene;NOUN;O;58;no
iseloomustamine;NOUN;O;1;no
hulk;NOUN;O;3;no
võimalus;NOUN;O;2;no
kindlasti;ADV;O;3;no
sinna;ADV;O;11;yes
kuidas;ADV;O;17;yes
maailm;NOUN;O;2;no
nägema;VERB;O;13;no
mõtlema;VERB;O;9;no
teiseks;ADV;O;3;yes
käituma;VERB;O;3;no
kolmas;ADV;O;1;no
alati;ADV;O;10;yes
huvitav;ADJ;O;11;no
missugune;ADJ;O;3;yes
suhe;NOUN;O;5;no
oma;PRON;O;19;yes
ühiskond;NOUN;O;11;no
korraldus;NOUN;O;1;no
võimalik;ADJ;O;5;no
kava;NOUN;O;1;no
järgi;ADP;O;3;yes
osalt;ADV;O;1;no
võima;AUX;O;22;yes
70.-te;ADJ;O;1;no
algus;NOUN;O;6;no
tegelema;VERB;O;5;no
nihkuma;VERB;O;1;no
psühholoogia;NOUN;O;8;no
psühhiaatria;NOUN;O;4;no
hingeelu;NOUN;O;1;no
küsimus;NOUN;O;4;no
mõneti;ADV;O;1;no
mõistetav;ADJ;O;1;no
ilmselt;ADV;O;4;no
kohe;ADV;O;6;yes
miski;PRON;O;17;yes
täpsem;ADJ;O;1;no
totalitaarne;ADJ;O;1;no
nõukogu;NOUN;O;9;no
ju;ADV;O;8;yes
eriti;ADV;O;9;no
okupeeritud;ADJ;O;1;no
maa;NOUN;O;3;no
inimesekäsitlus;NOUN;O;1;no
suhteliselt;ADV;O;3;no
selge;ADJ;O;6;no
riigipoolne;ADJ;O;1;no
võimupoolne;ADJ;O;1;no
soov;NOUN;O;1;no
iha;NOUN;O;1;no
pidama;AUX;O;21;yes
etteaimatav;ADJ;O;1;no
teisiti;ADV;O;2;no
propagandamasin;NOUN;O;1;no
töötama;VERB;O;5;no
olema;VERB;O;21;yes
alateadvus;NOUN;O;1;no
peidetud;ADJ;O;1;no
tung;NOUN;O;2;no
arusaamatu;ADJ;O;1;no
reaktsioon;NOUN;O;1;no
mingi;DET;O;17;yes
mõistetamatus;NOUN;O;1;no
käitumine;NOUN;O;4;no
saama;VERB;O;20;yes
iseenesest;ADV;O;3;yes
aru;NOUN;O;10;no
suur;ADJ;O;11;no
üllatus;NOUN;O;1;no
ohtlik;ADJ;O;1;no
võim;NOUN;O;5;no
sest;SCONJ;O;19;yes
näiteks;ADV;O;3;no
Vahing;PROPN;O;12;no
kirjutama;VERB;O;19;no
otsene;ADJ;O;3;no
sotsiaalne;ADJ;O;3;no
otseselt;ADV;O;1;no
tekst;NOUN;O;8;no
poolt;ADP;O;1;yes
vastu;ADV;O;3;yes
romaan;NOUN;O;1;no
novell;NOUN;O;5;no
jutt;NOUN;O;5;no
näidend;NOUN;O;15;no
keerukus;NOUN;O;1;no
no;INTJ;O;2;no
tooma;VERB;O;7;no
näide;NOUN;O;4;no
tugev;ADJ;O;1;no
režissöör;NOUN;O;1;no
üks;PRON;O;3;yes
siiani;ADV;O;1;yes
Juri;PROPN;O;1;no
Lubimov;PROPN;O;1;no
teadma;VERB;O;15;no
tõttu;ADP;O;1;yes
lavastanud;ADJ;O;1;no
dominiiklane;NOUN;O;1;no
klooster;NOUN;O;1;no
Anatoli;PROPN;O;1;no
Jefros;PROPN;O;1;no
õpetaja;NOUN;O;1;no
surema;VERB;O;2;no
nüüd;ADV;O;18;yes
paarkümmend;NUM;O;1;no
liupiim;NOUN;O;1;no
niukne;ADJ;O;4;no
plakatlik;ADJ;O;1;no
etendus;NOUN;O;2;no
vabadus;NOUN;O;1;no
mõtlemine;NOUN;O;2;no
kõik;DET;O;8;yes
?;PUNCT;O;11;no
võtma;VERB;O;19;no
otse;ADV;O;4;no
vene;ADJ;O;2;no
ütlema;VERB;O;32;no
laine;NOUN;O;1;no
kubismine;NOUN;O;1;no
avangard;NOUN;O;2;no
kuskilt;ADV;O;1;no
majakovsk;NOUN;O;1;no
jätkuma;VERB;O;1;no
Epros;PROPN;O;1;no
lavastus;NOUN;O;2;no
tegelikult;ADV;O;8;no
pälvima;VERB;O;1;no
isegi;ADV;O;7;yes
rohkem;ADV;O;5;yes
tähelepanu;NOUN;O;2;no
ettevaatus;NOUN;O;1;no
nõutiselt;ADV;O;1;no
täpsustus;NOUN;O;1;no
ümbertegemine;NOUN;O;1;no
poliitika;NOUN;O;1;no
keerukamalt;ADV;O;1;no
kajastama;VERB;O;1;no
noh;INTJ;O;18;yes
teene;NOUN;O;3;no
eesti;ADJ;O;5;no
kirjandus;NOUN;O;7;no
kirjanik;NOUN;O;8;no
jaoks;ADP;O;7;yes
teos;NOUN;O;2;no
lahing;NOUN;O;1;no
enam;ADV;O;5;yes
näitama;VERB;O;5;no
mustvalge;ADJ;O;2;no
tõesti;ADV;O;3;yes
keeruliselt;ADV;O;1;no
kas;ADV;O;14;yes
oskama;VERB;O;8;no
kohta;ADP;O;6;yes
jah;ADV;O;3;yes
hea;ADJ;O;9;no
meel;NOUN;O;8;no
seadus;NOUN;O;1;no
pärasus;NOUN;O;1;no
diktatuur;NOUN;O;2;no
sallitama;VERB;O;1;no
ilus;ADJ;O;4;no
Hiina;PROPN;O;1;no
puhkema;VERB;O;1;no
kultuurirevolutsioon;NOUN;O;1;no
esimene;ADJ;O;10;no
muudatus;NOUN;O;1;no
seisnema;VERB;O;1;no
kateeder;NOUN;O;2;no
panema;VERB;O;13;no
kinni;ADV;O;4;no
põhjus;NOUN;O;3;no
mitte;ADV;O;11;yes
esindama;VERB;O;1;no
pilt;NOUN;O;4;no
vastuvõetamatu;ADJ;O;1;no
vaid;ADV;O;1;yes
just;ADV;O;6;yes
täpselt;ADV;O;4;no
liiga;ADV;O;3;yes
pidama;VERB;O;7;yes
tähtis;ADJ;O;11;no
üksikisik;NOUN;O;2;no
režiim;NOUN;O;1;no
kollektiiv;NOUN;O;1;no
palju;DET;O;1;yes
õigus;NOUN;O;1;no
represseerima;VERB;O;1;no
liit;NOUN;O;3;no
kahekümnes;ADJ;O;1;no
kolmekümnes;ADJ;O;1;no
sihuke;DET;O;1;yes
diskussioon;NOUN;O;1;no
üle;ADP;O;5;yes
koolkond;NOUN;O;1;no
õige;ADJ;O;4;no
marksism;NOUN;O;2;no
sealt;ADV;O;6;yes
läbi;ADV;O;3;yes
igasugune;PRON;O;1;yes
kaasa;ADV;O;1;no
arvatud;ADJ;O;1;no
seesama;DET;O;2;yes
psühhoanalüüs;NOUN;O;3;no
pilkenen;NOUN;O;1;no
Wraith;PROPN;O;1;no
katsuma;VERB;O;2;no
seostama;VERB;O;1;no
omavahel;ADV;O;2;yes
tee;NOUN;O;1;yes
kuulutama;VERB;O;1;no
marksistlik;ADJ;O;1;no
rass;NOUN;O;1;no
loosung;NOUN;O;1;no
mark;NOUN;O;1;no
vabastama;VERB;O;2;no
majanduslikult;ADV;O;1;no
Froid;PROPN;O;1;no
seksuaalselt;ADV;O;1;no
jäätpriorentaalne;ADJ;O;1;no
revolutsioon;NOUN;O;2;no
järgnema;VERB;O;1;no
seksuaalne;ADJ;O;1;no
peksma;VERB;O;3;no
jällegi;ADV;O;4;no
lõpuks;ADV;O;4;no
jõudma;VERB;O;4;no
36.-st;ADJ;O;1;no
praktiliselt;ADV;O;2;no
54.;ADJ;O;1;no
lihtsalt;ADV;O;5;no
täitma;VERB;O;1;no
Pavlov;PROPN;O;2;no
kõrgem;ADJ;O;2;no
närvitalitus;NOUN;O;1;no
füsioloogia;NOUN;O;1;no
samastama;VERB;O;1;no
selgelt;ADV;O;2;no
loom;NOUN;O;3;no
koer;NOUN;O;3;no
jäni;NOUN;O;2;no
lühidalt;ADV;O;1;no
ideoloogia;NOUN;O;1;no
kokku;ADV;O;4;yes
kuulus;ADJ;O;1;no
lause;NOUN;O;3;no
kaua;ADV;O;1;no
tikk;NOUN;O;1;no
tõmbama;VERB;O;1;no
ära;AUX;O;1;yes
ümber;ADV;O;2;yes
käit;NOUN;O;1;no
riik;NOUN;O;9;no
valitsema;VERB;O;4;no
tunnistama;VERB;O;2;no
vastik;ADJ;O;1;no
efektiivne;ADJ;O;1;no
sugune;ADJ;O;1;no
manipuleerimine;NOUN;O;1;no
viis;NOUN;O;5;no
kehtima;VERB;O;1;no
mehhaaniline;ADJ;O;1;no
niisama;ADV;O;1;yes
süljerefleks;NOUN;O;1;no
valitseja;NOUN;O;1;no
seesama;ADJ;O;3;yes
kestma;VERB;O;2;no
enamasti;ADV;O;1;no
hommik;NOUN;O;3;no
patsient;NOUN;O;1;no
suu;NOUN;O;2;no
lahti;ADV;O;1;no
tablett;NOUN;O;2;no
sisse;ADV;O;4;yes
kõndima;VERB;O;1;no
lõuna;NOUN;O;1;no
sööma;VERB;O;2;no
uus;ADJ;O;4;no
psühhoteraapia;NOUN;O;1;no
kaduma;VERB;O;2;no
ära;ADV;O;15;yes
au;NOUN;O;1;no
poolest;ADP;O;2;yes
ajastu;NOUN;O;4;no
huvitama;VERB;O;4;no
huvitanud;ADJ;O;1;no
igavene;ADJ;O;5;no
probleem;NOUN;O;1;no
ise;ADV;O;4;yes
poliitiline;ADJ;O;1;no
kord;NOUN;O;9;no
põnev;ADJ;O;1;no
peale;ADP;O;8;yes
vaatamata;ADP;O;2;yes
armastus;NOUN;O;1;no
muu;PRON;O;4;yes
mitu;DET;O;2;yes
keelama;VERB;O;4;no
suurem;ADJ;O;2;no
huvi;NOUN;O;2;no
proosa;NOUN;O;1;no
sol;NOUN;O;1;no
sõltumatu;ADJ;O;1;no
suveräänne;ADJ;O;1;no
nähtavasti;ADV;O;1;no
lubama;VERB;O;2;no
pahing;NOUN;O;3;no
aktsepteerima;VERB;O;1;no
tegutsema;VERB;O;1;no
küllalt;ADV;O;3;no
keeruline;ADJ;O;9;no
pildivaenulik;ADJ;O;1;no
raske;ADJ;O;6;no
olukord;NOUN;O;3;no
korralik;ADJ;O;1;no
psühhiaater;NOUN;O;16;no
puhul;ADP;O;2;yes
hindama;VERB;O;2;no
vastama;VERB;O;7;no
norm;NOUN;O;4;no
võime;NOUN;O;1;yes
ebanormaalne;ADJ;O;1;no
haige;ADJ;O;2;no
sattuma;VERB;O;1;no
valik;NOUN;O;1;no
otsustus;NOUN;O;1;no
lojaalne;ADJ;O;2;no
ükskõik;ADV;O;1;yes
seadma;VERB;O;1;no
dissident;NOUN;O;1;no
poole;ADP;O;2;yes
peal;ADP;O;2;yes
tähendama;VERB;O;7;no
valima;VERB;O;1;no
tahtma;VERB;O;6;no
terve;ADJ;O;4;no
osa;NOUN;O;2;no
omavaheline;ADJ;O;1;no
äge;ADJ;O;1;no
vaidlus;NOUN;O;1;no
ümber;ADP;O;1;yes
arvama;VERB;O;5;no
kannatama;VERB;O;2;no
komme;NOUN;O;2;no
ostma;VERB;O;4;no
pudel;NOUN;O;1;no
eine;NOUN;O;1;no
maha;ADV;O;3;no
Jaket;PROPN;O;1;no
kiruma;VERB;O;1;no
täielikult;ADV;O;1;no
teenima;VERB;O;1;no
meeldima;VERB;O;4;no
töö;NOUN;O;1;no
vaimne;ADJ;O;1;no
toime;NOUN;O;2;no
Leningrad;PROPN;O;2;no
rääkima;ADJ;O;1;no
lugu;NOUN;O;7;no
ajal;ADP;O;2;no
miilits;NOUN;O;2;no
raudteejaam;NOUN;O;2;no
sügav;ADJ;O;2;no
soovima;VERB;O;1;no
rongipilet;NOUN;O;1;no
Pariis;PROPN;O;1;no
nali;NOUN;O;5;no
hull;ADJ;O;1;no
kutsuma;VERB;O;1;no
viima;VERB;O;3;no
juurde;ADP;O;4;yes
kõige;ADV;O;9;yes
kurvem;ADJ;O;1;no
60.-te;ADJ;O;1;no
lõpp;NOUN;O;3;no
seitsmekümnes;ADJ;O;1;no
67;NUM;O;1;no
avaldatud;VERB;O;1;no
70;NUM;O;1;no
Looming;PROPN;O;2;no
raamatukogu;NOUN;O;3;no
ajakiri;NOUN;O;4;no
enne;ADV;O;9;yes
kogemus;NOUN;O;1;no
lõpetama;VERB;O;1;no
teatrikool;NOUN;O;1;no
sõjavägi;NOUN;O;1;no
kuulma;VERB;O;3;no
lugema;VERB;O;22;no
agaseerimine;NOUN;O;1;no
täielik;ADJ;O;2;no
vajakas;ADJ;O;1;no
kaasaegne;ADJ;O;1;no
klassika;NOUN;O;1;no
mäletama;VERB;O;5;no
Ülikool;PROPN;O;1;no
ikka;ADV;O;4;yes
viri;NOUN;O;1;no
ette;ADV;O;6;yes
kogumik;NOUN;O;2;no
hunt;NOUN;O;8;no
Valton;PROPN;O;1;no
Salur;PROPN;O;1;no
avastama;VERB;O;1;no
laps;NOUN;O;1;no
natuke;ADV;O;3;no
keskkoolipoiss;NOUN;O;1;no
mismoodi;ADV;O;1;no
elu;NOUN;O;8;no
laut;NOUN;O;1;no
vorstilugu;NOUN;O;1;no
gastronoomia;NOUN;O;1;no
astronoomia;NOUN;O;3;no
keegi;PRON;O;10;yes
vorst;NOUN;O;1;no
Ain;PROPN;O;1;no
Kaalep;PROPN;O;1;no
ootama;VERB;O;1;no
praegu;ADV;O;8;yes
pandud;ADJ;O;1;no
Panso;PROPN;O;1;no
hakkama;VERB;O;21;yes
Oidipus;PROPN;O;1;no
tõlge;NOUN;O;1;no
kohitsema;VERB;O;1;no
surm;NOUN;O;1;no
muusika;NOUN;O;1;no
kõrv;NOUN;O;1;no
nahk;NOUN;O;1;no
kell;NOUN;O;1;no
sisemine;ADJ;O;1;no
helisema;VERB;O;1;no
dramaturg;NOUN;O;4;no
plastiline;ADJ;O;1;no
kuju;NOUN;O;2;no
tamine;NOUN;O;1;no
dialoogitaju;NOUN;O;1;no
seletama;VERB;O;2;no
kõne;NOUN;O;3;no
väljendama;VERB;O;3;no
tegelane;NOUN;O;3;no
olemus;NOUN;O;2;no
mõte;NOUN;O;5;no
abil;ADP;O;2;yes
põhiline;ADJ;O;1;no
palju;PRON;O;5;yes
suutma;VERB;O;1;no
dramaturgia;NOUN;O;1;no
loetav;ADJ;O;1;no
läbi;ADP;O;1;yes
suuline;ADJ;O;1;no
71;NUM;O;1;no
väike;ADJ;O;6;no
pakkuma;VERB;O;3;no
tollal;ADV;O;7;no
kirjandusala;NOUN;O;1;no
juhataja;NOUN;O;1;no
Unt;PROPN;O;4;no
tutvustama;VERB;O;1;no
kohale;ADV;O;1;yes
viigipüks;NOUN;O;1;no
hele;ADJ;O;1;no
särk;NOUN;O;1;no
lips;NOUN;O;3;yes
peale;ADV;O;6;yes
dressipluu;NOUN;O;2;no
meedia;NOUN;O;1;no
eluaeg;NOUN;O;1;no
pintsak;NOUN;O;1;no
harva;ADV;O;2;no
ilma;ADP;O;2;yes
triiksärk;NOUN;O;1;no
selg;NOUN;O;1;no
sportlik;ADJ;O;1;no
ulema;VERB;O;1;no
andma;VERB;O;9;no
valmis;ADJ;O;1;no
pealkiri;NOUN;O;5;no
varblane;NOUN;O;1;no
arutama;VERB;O;2;no
hoopis;ADV;O;2;yes
Potter;PROPN;O;2;no
esietenduma;VERB;O;1;no
30;NUM;O;4;no
Mati;PROPN;O;3;no
lavastama;VERB;O;3;no
sadamateater;NOUN;O;2;no
alles;ADV;O;2;yes
paar;NUM;O;2;no
tagasi;ADP;O;4;yes
tunduma;AUX;O;2;no
materjal;NOUN;O;3;no
suvekool;NOUN;O;1;no
igatahes;ADV;O;1;yes
sündmus;NOUN;O;1;no
Pärnu;PROPN;O;1;no
saal;NOUN;O;1;no
mööda;ADP;O;3;yes
ringi;ADV;O;3;yes
sealisem;ADJ;O;1;no
koht;NOUN;O;6;no
tartus;NOUN;O;2;no
kuhu;ADV;O;2;yes
pea;NOUN;O;2;yes
iga;DET;O;6;yes
julgelt;ADV;O;1;no
viitsima;VERB;O;1;no
kindel;ADJ;O;2;no
ees;ADV;O;1;yes
vaimukas;ADJ;O;1;no
puu;NOUN;O;1;no
eramaja;NOUN;O;1;no
teine;ADJ;O;3;yes
korrus;NOUN;O;1;no
kitsas;ADJ;O;1;no
trepp;NOUN;O;2;no
üles;ADV;O;1;yes
kuivkäimal;NOUN;O;1;no
majaperemees;NOUN;O;2;no
mõistus;NOUN;O;1;no
kujutama;VERB;O;2;no
oot;INTJ;O;1;yes
päris;ADV;O;4;yes
õhta;NOUN;O;1;no
fiks;NOUN;O;1;no
fikseeritud;ADJ;O;1;no
nädal;NOUN;O;1;no
salong;NOUN;O;3;no
kunstnik;NOUN;O;3;no
tihtipeale;ADV;O;3;no
sassi;ADV;O;1;no
kaine;ADJ;O;1;no
äärmus;NOUN;O;1;no
jooma;VERB;O;1;no
tahes;ADV;O;1;no
tähtsam;ADJ;O;1;no
vaimsus;NOUN;O;2;no
keskne;ADJ;O;1;no
mõiste;NOUN;O;2;no
kasutama;VERB;O;6;no
psühhoanalüük;NOUN;O;1;no
Šbiil;PROPN;O;2;no
võimäng;NOUN;O;1;no
kudumine;NOUN;O;1;no
omapära;NOUN;O;1;no
mingisugune;DET;O;5;yes
pealt;ADV;O;1;yes
eriliselt;ADV;O;1;no
esile;ADV;O;2;no
tõstma;VERB;O;2;no
tähtsustama;VERB;O;1;no
vähegi;ADV;O;1;no
teadus;NOUN;O;2;no
tõsiselt;ADV;O;5;no
tellima;VERB;O;4;no
kuna;SCONJ;O;2;yes
teaduslik;ADJ;O;1;no
kättesaadav;ADJ;O;2;no
autor;NOUN;O;2;no
koopia;NOUN;O;1;no
siukene;ADJ;O;1;yes
referaat;NOUN;O;1;no
artikkel;NOUN;O;2;no
sisukirjeldus;NOUN;O;1;no
aadress;NOUN;O;1;no
enam-vähem;ADV;O;1;no
erialateadvus;NOUN;O;1;no
sündima;VERB;O;5;no
vahind;NOUN;O;2;no
niukse;ADV;O;1;no
omaette;ADV;O;1;yes
separaat;NOUN;O;5;no
üritama;VERB;O;1;no
kaasas;ADV;O;2;yes
psühhoanalüütik;NOUN;O;1;no
psühh;NOUN;O;1;no
tingimata;ADV;O;1;no
sõltuma;VERB;O;1;no
sisu;NOUN;O;3;no
muidu;ADV;O;3;yes
päris;ADJ;O;1;yes
kirjutusmasin;NOUN;O;2;no
toksimis;NOUN;O;1;no
masin;NOUN;O;5;no
igaüks;PRON;O;4;yes
muuseum;NOUN;O;2;no
peaaegu;ADV;O;1;yes
sakraal;NOUN;O;1;no
tavaline;ADJ;O;2;no
lisama;VERB;O;1;no
korduvalt;ADV;O;1;no
astuma;VERB;O;1;no
vahekord;NOUN;O;1;no
tähtsus;NOUN;O;2;no
kuidagi;ADV;O;2;yes
rõhutus;NOUN;O;1;no
ükskord;ADV;O;3;no
leidma;VERB;O;2;no
pood;NOUN;O;2;no
totram;ADJ;O;1;no
leiutis;NOUN;O;1;no
elus;ADJ;O;3;no
taskulamp;NOUN;O;3;no
küljes;NOUN;O;1;yes
ventilaator;NOUN;O;1;no
pisikene;ADJ;O;1;no
rattakene;NOUN;O;1;no
patarei;NOUN;O;2;no
Antific;PROPN;O;1;no
valgus;NOUN;O;1;no
ajastama;VERB;O;1;no
mootor;NOUN;O;1;no
vaimustama;VERB;O;2;no
kui;ADV;O;3;yes
jälle;ADV;O;3;no
naguniisugune;ADJ;O;1;no
olulisem;ADJ;O;3;no
eluviis;NOUN;O;1;no
tõusma;VERB;O;1;no
hästi;ADV;O;3;no
vara;ADV;O;1;no
ajaleht;NOUN;O;1;no
natuke;NOUN;O;1;no
uuesti;ADV;O;3;no
leht;NOUN;O;1;no
surmakuulutus;NOUN;O;1;no
rahulik;ADJ;O;1;no
töömeeleolu;NOUN;O;1;no
ikke;ADV;O;1;no
vot;INTJ;O;1;yes
vaim;NOUN;O;1;no
tarvis;ADV;O;3;yes
vastandama;VERB;O;1;no
võrdlema;VERB;O;2;no
tolleaegne;ADJ;O;1;no
arusaamatus;NOUN;O;1;no
mõttemaailm;NOUN;O;1;no
erinevus;NOUN;O;1;no
Maimu;PROPN;O;1;no
lahk;NOUN;O;1;no
sõbranna;NOUN;O;1;no
kooliaegne;ADJ;O;1;no
pegasus;NOUN;O;1;no
poiss;NOUN;O;2;no
välismaa;NOUN;O;1;no
joostud;ADJ;O;1;no
limis;ADJ;O;1;no
tross;NOUN;O;4;no
püks;NOUN;O;2;no
maim;NOUN;O;1;no
lahinguline;ADJ;O;1;no
levima;VERB;O;1;no
nojah;INTJ;O;1;no
kust;ADV;O;1;yes
Lewis;PROPN;O;2;no
seepeale;ADV;O;1;no
kirjutatud;ADJ;O;1;no
prantsuse;ADJ;O;1;no
loogiline;ADJ;O;1;no
Claude;PROPN;O;1;no
püksifirma;NOUN;O;1;no
üldistus;NOUN;O;1;no
vahtima;VERB;O;2;no
oluliselt;ADV;O;1;no
juures;ADP;O;3;yes
fotoaparaat;NOUN;O;1;no
võistlema;VERB;O;1;no
teleobjektiiv;NOUN;O;2;no
pirakas;ADJ;O;1;no
tants;NOUN;O;1;no
vahetama;VERB;O;1;no
segadus;NOUN;O;1;no
kilo;NOUN;O;1;no
kord;ADV;O;1;no
tassima;VERB;O;2;no
kott;NOUN;O;1;no
pidev;ADJ;O;2;no
dokumenteerimine;NOUN;O;1;no
Vaina;PROPN;O;1;no
tänapäev;NOUN;O;8;no
raamat;NOUN;O;4;no
noor;ADJ;O;2;no
ilmuma;VERB;O;2;no
peegeldama;VERB;O;1;no
kaust;NOUN;O;2;no
kiri;NOUN;O;1;no
dokumenteerima;VERB;O;1;no
spetsiaalne;ADJ;O;1;no
riiulitäis;NOUN;O;1;no
kaustu;NOUN;O;1;no
meil;NOUN;O;1;yes
eks;NOUN;O;1;yes
põhjalik;ADJ;O;1;no
dokumentatsioon;NOUN;O;2;no
Palamus;PROPN;O;1;no
eraldi;ADV;O;1;no
väikene;ADJ;O;3;no
vitriin;NOUN;O;1;no
Tootsi;PROPN;O;1;no
tasku;NOUN;O;2;no
teostama;VERB;O;1;no
toredasti;ADV;O;1;no
portfell;NOUN;O;3;no
esmaabivahend;NOUN;O;1;no
arst;NOUN;O;7;no
Solis;PROPN;O;1;no
piil;NOUN;O;1;no
kaupa;ADP;O;2;yes
žgutt;NOUN;O;2;no
esmaabi;NOUN;O;1;no
kuni;SCONJ;O;1;yes
tohtima;AUX;O;3;no
rahulolu;NOUN;O;1;no
sõitma;VERB;O;13;no
buss;NOUN;O;1;no
puist;NOUN;O;1;no
lahkus;NOUN;O;1;no
rõõm;NOUN;O;1;no
ainukene;ADJ;O;2;no
õnneks;ADV;O;1;no
kelk;NOUN;O;1;no
põhjapanev;VERB;O;1;no
juhtuma;VERB;O;1;no
kahjulik;ADJ;O;1;no
jääma;VERB;O;6;no
kummaline;ADJ;O;2;no
sakraalne;ADJ;O;1;no
tähendus;NOUN;O;3;no
soli;NOUN;O;1;no
sünnipäev;NOUN;O;2;no
15.;ADJ;O;1;no
veebruar;NOUN;O;2;no
son;NOUN;O;1;no
Mont;PROPN;O;1;no
järele;ADV;O;1;yes
Tähtvere;PROPN;O;1;no
park;NOUN;O;1;no
serv;NOUN;O;1;no
tükk;NOUN;O;3;no
hoog;NOUN;O;1;no
pidanud;ADJ;O;1;yes
telk;NOUN;O;1;no
takso;NOUN;O;6;no
aramu;NOUN;O;1;no
vanematekodu;NOUN;O;1;no
kümme-üheteistkümme;NUM;O;1;no
Tepand;PROPN;O;1;no
Sipid;PROPN;O;1;no
muretsema;VERB;O;1;no
ajaerinevus;NOUN;O;1;no
otsima;VERB;O;1;no
kolm;NUM;O;2;no
linn;NOUN;O;2;no
liikuma;VERB;O;1;no
vaid;CCONJ;O;3;yes
helistama;VERB;O;1;no
telefon;NOUN;O;1;no
meeletu;ADJ;O;1;no
tuisk;NOUN;O;2;no
ümberringi;ADV;O;1;no
esiteks;ADV;O;1;no
üsna;ADV;O;2;yes
lootusheutrus;NOUN;O;1;no
taksojuht;NOUN;O;2;no
nõus;ADV;O;2;no
tuisukk;NOUN;O;1;no
täis;ADV;O;1;no
täistakost;NOUN;O;1;no
ega;CCONJ;O;1;yes
pärast;ADV;O;6;yes
laskma;VERB;O;1;no
vähem;ADJ;O;1;no
ettekujutamatu;ADJ;O;1;no
uks;NOUN;O;2;no
ainult;ADV;O;6;yes
eie;NOUN;O;1;no
saun;NOUN;O;6;no
saatma;VERB;O;1;no
külm;ADJ;O;1;no
veebruarikuu;NOUN;O;1;no
öö;NOUN;O;1;no
tähe;NOUN;O;1;no
vile;NOUN;O;2;no
vilistama;VERB;O;6;no
küsima;VERB;O;4;no
isa;NOUN;O;2;no
eksju;ADV;O;1;no
sünnipäevakülaline;NOUN;O;1;no
sisse;ADP;O;1;yes
kusjuures;ADV;O;1;yes
naerma;VERB;O;5;no
lähedale;ADV;O;1;yes
märk;NOUN;O;1;no
rootsi;ADJ;O;1;no
sputnik;NOUN;O;2;no
Rootsi;PROPN;O;1;no
religioosne;ADJ;O;1;no
sobima;VERB;O;2;no
laskuma;VERB;O;1;no
selline;DET;O;4;yes
mõtisklus;NOUN;O;1;no
stiil;NOUN;O;1;no
mäng;NOUN;O;7;no
eesmärk;NOUN;O;1;no
elamine;NOUN;O;1;no
taotlus;NOUN;O;3;no
spill;NOUN;O;1;no
mängima;VERB;O;4;no
leiutama;VERB;O;1;no
viisakas;ADJ;O;1;no
iseasi;ADJ;O;1;no
sugugi;ADV;O;2;no
kerge;ADJ;O;1;no
piir;NOUN;O;1;no
tõelus;NOUN;O;1;no
norima;VERB;O;1;no
doktor;NOUN;O;2;no
erakordselt;ADV;O;2;no
kirglik;ADJ;O;1;no
loomus;NOUN;O;1;no
kunst;NOUN;O;1;no
keemistemperatuur;NOUN;O;1;no
lähedane;ADJ;O;1;no
ekstramaalne;ADJ;O;1;no
situatsioon;NOUN;O;2;no
ruttu;ADV;O;1;no
looma;VERB;O;2;no
käsi;NOUN;O;4;no
mahing;NOUN;O;1;no
teatriasi;NOUN;O;1;no
koguja;NOUN;O;1;no
lehekülg;NOUN;O;1;no
490;NUM;O;1;no
tsitaat;NOUN;O;1;no
10;NUM;O;1;no
kui;CCONJ;O;2;yes
printsiip;NOUN;O;1;no
spiil;NOUN;O;1;no
Hermaküla;PROPN;O;2;no
Tooming;PROPN;O;1;no
showl;NOUN;O;1;no
Špiinl;PROPN;O;1;no
Nov;PROPN;O;1;no
süüdistama;VERB;O;1;no
spiilist;NOUN;O;1;no
šviil;NOUN;O;1;no
teadlikult;ADV;O;1;no
homo;ADJ;O;1;no
luudents;NOUN;O;1;no
hõiskima;VERB;O;1;no
keel;NOUN;O;1;no
käivituma;VERB;O;1;no
rahuldus;NOUN;O;1;no
Špyylol;PROPN;O;1;no
visa;ADJ;O;1;no
viima;ADJ;O;1;no
kompuuter;NOUN;O;1;no
kaardimäng;NOUN;O;1;no
põhimõte;NOUN;O;1;no
Jaan;PROPN;O;1;no
unustama;VERB;O;1;no
saavutama;VERB;O;2;no
tulemus;NOUN;O;1;no
Kangila;PROPN;O;2;no
Tšernov;PROPN;O;1;no
spiilitee;NOUN;O;1;no
kurjalt;ADV;O;1;no
ettevaatlik;ADJ;O;1;no
kuri;ADJ;O;1;no
ajakirjanik;NOUN;O;1;no
Džbiin;PROPN;O;1;no
lõppema;VERB;O;2;no
laiali;ADV;O;2;no
spin;NOUN;O;1;no
järgmine;ADJ;O;1;yes
aktiivselt;ADV;O;1;no
Untšernof;PROPN;O;1;no
edasi;ADV;O;9;yes
tegelikkus;NOUN;O;1;no
autobiograafiline;ADJ;O;1;no
seepärast;ADV;O;1;yes
soovitama;VERB;O;3;no
taga;ADV;O;1;yes
kuus;NUM;O;1;no
intervjuu;NOUN;O;3;no
kaas;NOUN;O;1;no
arvustus;NOUN;O;1;no
korduma;VERB;O;4;no
eri;ADJ;O;2;no
naine;NOUN;O;5;no
jätma;VERB;O;3;no
äärmiselt;ADV;O;1;no
matšarlik;ADJ;O;1;no
seest;ADV;O;1;yes
asjata;ADV;O;1;no
erinevalt;ADV;O;1;no
mõni;PRON;O;3;yes
sama;ADJ;O;1;yes
miks;ADV;O;2;yes
toimetama;VERB;O;1;no
vastus;NOUN;O;1;no
dokument;NOUN;O;1;no
paink;NOUN;O;1;no
Nazca;PROPN;O;1;no
avaldama;VERB;O;1;no
rituaal;NOUN;O;1;no
stiilist;NOUN;O;1;no
trahvikviitung;NOUN;O;2;no
muutma;VERB;O;1;no
argielu;NOUN;O;1;no
kujund;NOUN;O;1;no
üliõpilane;NOUN;O;2;no
ühiselamu;NOUN;O;2;no
instituut;NOUN;O;1;no
Kitis;PROPN;O;1;no
asuma;VERB;O;1;no
kesklinn;NOUN;O;1;no
saatkond;NOUN;O;2;no
vastane;NOUN;O;1;no
esindus;NOUN;O;1;no
praegune;ADJ;O;1;yes
maja;NOUN;O;1;no
sobinovs;NOUN;O;1;no
Trifonov;PROPN;O;1;no
Karol;PROPN;O;1;no
hotell;NOUN;O;1;no
troll;NOUN;O;1;no
tramm;NOUN;O;1;no
hoidma;VERB;O;3;no
raha;NOUN;O;3;no
tudeng;NOUN;O;1;no
trahv;NOUN;O;3;no
50;NUM;O;2;no
kopikas;NOUN;O;3;no
pilet;NOUN;O;2;no
arvutama;VERB;O;1;no
maksma;VERB;O;4;no
meetod;NOUN;O;1;no
aku;NOUN;O;1;no
kontroll;NOUN;O;1;no
sõna;NOUN;O;1;no
lausuma;VERB;O;1;no
riieldama;VERB;O;1;no
riielema;VERB;O;1;no
kviitung;NOUN;O;1;no
üliõpilaspõlv;NOUN;O;2;no
romantika;NOUN;O;1;no
kuuluma;VERB;O;1;no
kuulama;VERB;O;1;no
ärrituma;VERB;O;1;no
silmnähtavalt;ADV;O;1;no
aus;ADJ;O;1;no
petma;VERB;O;2;no
kuradi;ADJ;O;1;no
stipp;NOUN;O;1;no
niigi;ADV;O;1;no
mõnikümmend;NUM;O;1;no
vaene;ADJ;O;2;no
sõpetuma;VERB;O;1;no
sabedadedas;NOUN;O;1;no
analoogiline;ADJ;O;1;no
arendama;VERB;O;2;no
salduma;VERB;O;1;no
muutuma;VERB;O;2;no
umbusklik;ADJ;O;1;no
suhtes;ADP;O;1;yes
veelgi;ADV;O;1;yes
ühesõnaga;ADV;O;1;no
niugne;NOUN;O;1;no
eluline;ADJ;O;1;no
anekdootlik;ADJ;O;1;no
ehkki;SCONJ;O;1;yes
vaatenurk;NOUN;O;1;no
omane;ADJ;O;1;no
vilistamine;NOUN;O;1;no
poeke;NOUN;O;1;no
rutiinne;ADJ;O;1;no
kauge;ADJ;O;1;no
peipsi-äärne;ADJ;O;1;no
külaelu;NOUN;O;1;no
äkki;ADV;O;2;no
teravdatud;ADJ;O;1;no
unistama;VERB;O;1;no
lahingulooming;NOUN;O;2;no
poolt;ADV;O;2;yes
teravdama;VERB;O;1;no
karge;ADJ;O;1;no
poeesiga;NOUN;O;1;no
trükkima;VERB;O;1;no
pulm;NOUN;O;2;no
vot;ADV;O;2;yes
küüditamine;NOUN;O;2;no
lekkima;VERB;O;1;no
Saluri;PROPN;O;1;no
minek;NOUN;O;1;no
kasvõi;ADV;O;1;yes
86;NUM;O;1;no
millal;ADV;O;1;yes
80.-te;ADJ;O;1;no
keskel;ADP;O;1;yes
ema;NOUN;O;1;no
kartma;VERB;O;1;no
automürin;NOUN;O;1;no
poeg;NOUN;O;2;no
pruut;NOUN;O;1;no
fantaseerima;VERB;O;1;no
kardin;NOUN;O;2;no
taga;ADP;O;1;yes
toimuma;VERB;O;3;no
poeetiline;ADJ;O;1;no
visioon;NOUN;O;1;no
ilusam;ADJ;O;1;no
tähele;ADV;O;1;no
seoses;ADP;O;1;no
mõjuma;ADJ;O;1;no
49;ADJ;O;1;no
aastane;ADJ;O;1;no
kolhoos;NOUN;O;1;no
hobune;NOUN;O;1;no
juhuslik;ADJ;O;1;no
hirmus;ADV;O;2;no
sümptomaatiline;ADJ;O;1;no
Vueti;PROPN;O;1;no
viha;NOUN;O;1;no
valama;VERB;O;2;no
mujalt;ADV;O;1;yes
vihane;ADJ;O;1;no
jõuetu;ADJ;O;1;no
teistmoodi;ADV;O;2;no
sümbol;NOUN;O;1;no
konkreetne;ADJ;O;1;no
täpne;ADJ;O;1;no
toetama;VERB;O;1;no
identiteet;NOUN;O;7;no
tegevusala;NOUN;O;1;no
amet;NOUN;O;1;no
ettevõtmine;NOUN;O;1;no
identiteeditekst;NOUN;O;1;no
sissejuhatus;NOUN;O;1;no
rahvas;NOUN;O;2;no
võrreldav;ADJ;O;1;no
funktsioon;NOUN;O;1;no
CV';PROPN;O;1;no
nõukogudeaegne;ADJ;O;1;no
kaadriarvestuslehe;NOUN;O;1;no
Põhja-Jäämeri;PROPN;O;1;no
ääres;ADP;O;1;yes
kanassaan;NOUN;O;1;no
uurima;VERB;O;1;no
kirjaoskamatu;ADJ;O;1;no
laul;NOUN;O;2;no
salm;NOUN;O;2;no
lapsepõlv;NOUN;O;1;no
luuletama;VERB;O;2;no
eest;ADP;O;2;yes
kasvama;VERB;O;2;no
juurde;ADV;O;2;yes
temaatika;NOUN;O;1;no
laulma;VERB;O;1;no
tavaliselt;ADV;O;1;no
Vainu;PROPN;O;1;no
maapoiss;NOUN;O;1;no
melanhoolne;ADJ;O;1;no
meeleolu;NOUN;O;1;no
setupoiss;NOUN;O;1;no
niisugune;PRON;O;2;yes
Setumaa;PROPN;O;1;no
öeldud;ADJ;O;1;no
tabel;NOUN;O;1;no
üksinda;ADV;O;1;no
halletsuslik;ADJ;O;1;no
olnud;ADJ;O;1;yes
dimensioon;NOUN;O;2;no
korporatiivne;ADJ;O;1;no
eneseteadlik;ADJ;O;1;no
kokkuhoidev;ADJ;O;1;no
muuhulgas;ADV;O;1;no
ajalooline;ADJ;O;1;no
Juhan;PROPN;O;1;no
Luiga;PROPN;O;3;no
käive;NOUN;O;3;no
põrandaalune;ADJ;O;1;no
veidi;ADV;O;1;no
eksima;VERB;O;1;no
1972;NUM;O;1;no
tagasihoidlik;ADJ;O;1;no
taha;ADP;O;1;yes
pisike;ADJ;O;1;no
taltiklikese;ADJ;O;1;no
tuletama;VERB;O;1;no
Luika;PROPN;O;1;no
parasjagu;ADV;O;1;no
ümmargune;ADJ;O;1;no
tähtpäev;NOUN;O;1;no
huvikas;NOUN;O;1;no
patt;NOUN;O;1;no
aegne;ADJ;O;1;no
leksikon;NOUN;O;1;no
antileenindlik;ADJ;O;1;no
avaldus;NOUN;O;2;no
Lenin;PROPN;O;1;no
süüfili;NOUN;O;1;no
antileninlik;ADJ;O;1;no
väljaandmine;NOUN;O;2;no
tingimus;NOUN;O;1;no
lootusetu;ADJ;O;1;no
siinsamas;ADV;O;1;no
testimine;NOUN;O;1;no
piirduma;VERB;O;1;no
lõige;NOUN;O;1;no
masinkiri;NOUN;O;1;no
kaugem;ADJ;O;1;no
ajalugu;NOUN;O;1;no
Berliin;PROPN;O;1;no
kuulsam;ADJ;O;1;no
samuti;ADV;O;1;yes
rahvusvaheline;ADJ;O;1;no
mastaap;NOUN;O;1;no
mõtleja;NOUN;O;1;no
hulgast;ADP;O;1;yes
muuseas;ADV;O;1;no
Feldman;PROPN;O;2;no
kohtupsühhiaatriline;ADJ;O;1;no
ekspertiis;NOUN;O;4;no
ennekõike;ADV;O;1;no
koos;ADP;O;2;yes
Heiti;PROPN;O;1;no
Kadastik;PROPN;O;1;no
kompleksne;ADJ;O;1;no
psühhiaatriline;ADJ;O;1;no
psühholoogiline;ADJ;O;1;no
pool;NOUN;O;1;yes
katma;VERB;O;1;no
patoloogia;NOUN;O;1;no
määrama;VERB;O;1;no
nisugune;ADJ;O;1;no
psühholoog;NOUN;O;1;no
psühholoogiaekspertiis;NOUN;O;1;no
panema;AUX;O;1;no
noorem;ADJ;O;2;no
auk;NOUN;O;1;no
ette;ADP;O;1;yes
Brund;PROPN;O;1;no
dold;NOUN;O;1;no
kuu;NOUN;O;1;no
tagasiside;NOUN;O;1;no
kohtuma;VERB;O;1;no
otsekohe;ADV;O;1;no
märkama;VERB;O;1;no
kohus;NOUN;O;2;no
ekspert;NOUN;O;1;no
nõu;NOUN;O;1;no
esinemine;NOUN;O;1;no
tädima;VERB;O;1;no
nõuanne;NOUN;O;1;no
ettekujutus;NOUN;O;1;no
poiskop;NOUN;O;1;no
1927.;ADJ;O;1;no
paiskuma;VERB;O;1;no
vaistu;NOUN;O;1;no
sageli;ADV;O;1;no
dioot;NOUN;O;1;no
ilusasti;ADV;O;1;no
abi;NOUN;O;1;no
Hütsi;PROPN;O;1;no
vähe;ADV;O;1;no
rahvuslik;ADJ;O;1;no
hõõrumine;NOUN;O;1;no
tark;ADJ;O;1;no
sedamööda;ADV;O;1;no
Kirjanik;PROPN;O;2;no
Liit;PROPN;O;2;no
liige;NOUN;O;1;no
liikmelisus;NOUN;O;1;no
psühhiaatrin;NOUN;O;1;no
komparteis;NOUN;O;1;no
partei;NOUN;O;2;no
olija;NOUN;O;1;no
pomm;NOUN;O;2;yes
raudtee;NOUN;O;2;no
Siber;PROPN;O;1;no
Baikali-Amuuri;PROPN;O;1;no
magistraal;NOUN;O;1;no
tihti;ADV;O;1;no
tegelik;ADJ;O;3;no
soodustama;VERB;O;1;no
antikirjanik;NOUN;O;1;no
sõit;NOUN;O;1;no
jaapani;ADJ;O;1;no
ehitama;VERB;O;3;no
raudteesild;NOUN;O;1;no
sild;NOUN;O;1;no
muudkui;ADV;O;1;yes
tagantotsas;NOUN;O;1;no
tsement;NOUN;O;1;no
kruus;NOUN;O;1;no
sillapost;NOUN;O;1;no
tala;NOUN;O;1;no
liiper;NOUN;O;1;no
hüppama;VERB;O;1;no
rööbas;NOUN;O;1;no
vain;NOUN;O;1;no
sihtuma;VERB;O;1;no
vaimustus;NOUN;O;1;no
siiamaani;ADV;O;1;no
kirjeldus;NOUN;O;1;no
täiuslik;ADJ;O;1;no
aspekt;NOUN;O;1;no
mingi;PRON;O;1;yes
õppejõud;NOUN;O;2;no
loeng;NOUN;O;2;no
üllatav;ADJ;O;1;no
kevad;NOUN;O;1;no
kantma;VERB;O;1;no
kaasaegselt;ADV;O;1;no
kõlama;VERB;O;1;no
Draamateater;PROPN;O;1;no
testament;NOUN;O;1;no
sama;ADV;O;1;yes
üksik;ADJ;O;1;no
märksõna;NOUN;O;1;no
peainsener;NOUN;O;1;no
üleliiduline;ADJ;O;1;no
dialoog;NOUN;O;2;no
tänapäevane;ADJ;O;1;no
samas;ADV;O;1;yes
hetk;NOUN;O;2;no
austama;VERB;O;2;no
armastama;VERB;O;3;no
kurat;NOUN;O;1;no
juubilar;NOUN;O;1;no
niivõrd;ADV;O;1;yes
isiksus;NOUN;O;1;no
peal;ADV;O;1;yes
üldine;ADJ;O;1;no
lappidaarne;ADJ;O;1;no
käsitlemine;NOUN;O;1;no
taust;NOUN;O;1;no
ootamatus;NOUN;O;1;no
ootamatu;ADJ;O;1;no
tundlik;ADJ;O;1;no
ootamatult;ADV;O;1;no
möödas;ADV;O;1;no
35;NUM;O;1;no
vähem;ADV;O;1;no
päevik;NOUN;O;1;no
sorteerimine;NOUN;O;1;no
aitama;VERB;O;1;no
paks;ADJ;O;1;no
Evald;PROPN;O;1;no
ste;NOUN;O;1;no
koostama;VERB;O;1;no
mitmesugune;DET;O;1;yes
väljend;NOUN;O;1;no
mälestus;NOUN;O;1;no
vaja;ADV;O;1;no
protest;NOUN;O;1;no
puna-valge;ADJ;O;1;no
punane;ADJ;O;1;no
võistkond;NOUN;O;1;no
vastu;ADP;O;1;yes
väljenduma;VERB;O;1;no
hankima;VERB;O;1;no
käsitlema;VERB;O;2;no
Venemaa;PROPN;O;1;no
kaheksakümnes;ADJ;O;1;no
perestroika-eelne;ADJ;O;1;no
Gorbatšovi-aegne;ADJ;O;1;no
algama;VERB;O;1;no
ülemus;NOUN;O;1;no
mitmetahulisemalt;ADV;O;1;no
korraga;ADV;O;1;no
pikalt;ADV;O;1;no
partorg;NOUN;O;2;no
lahutama;VERB;O;1;no
abielu;NOUN;O;1;no
tohtima;VERB;O;1;no
siseelu;NOUN;O;1;no
abielluma;VERB;O;1;no
mõra;ADJ;O;1;no
süsteem;NOUN;O;2;no
niuke;ADJ;O;1;no
labane;ADJ;O;1;no
jamp;NOUN;O;1;no
Dollar;PROPN;O;1;no
samm;NOUN;O;1;no
ennem;ADV;O;1;yes
raudbetoon;NOUN;O;1;no
Jehoova;PROPN;O;1;no
tõde;NOUN;O;1;no
selguma;VERB;O;1;no
inimlik;ADJ;O;2;no
eksitus;NOUN;O;2;no
kolmas;ADJ;O;2;no
mood;NOUN;O;1;no
vorm;NOUN;O;3;no
tunduma;VERB;O;3;no
kuhugi;ADV;O;1;yes
milline;ADJ;O;1;yes
antud;ADJ;O;1;no
täht;NOUN;O;1;no
lõhkuma;VERB;O;2;no
klassitsistlik;ADJ;O;1;no
tõenäoliselt;ADV;O;1;no
reegel;NOUN;O;1;no
täiuslikkus;NOUN;O;1;no
kanooniline;ADJ;O;1;no
selline;ADJ;O;1;yes
kuskile;ADV;O;1;no
vaheldus;NOUN;O;1;no
loovlugemine;NOUN;O;1;no
kirjutamine;NOUN;O;6;no
loomine;NOUN;O;2;no
sügavam;ADJ;O;1;no
ühtekuuluvustunne;NOUN;O;1;no
teatavasti;ADV;O;1;no
vähendama;VERB;O;1;no
üksillus;NOUN;O;1;no
hirm;NOUN;O;2;no
kogema;VERB;O;1;no
sõnum;NOUN;O;1;no
või;ADV;O;1;yes
sahtel;NOUN;O;1;no
jagama;VERB;O;1;no
nautima;VERB;O;1;no
lugemine;NOUN;O;5;no
üksi;ADV;O;1;yes
küllaga;ADV;O;1;no
minevik;NOUN;O;1;no
loodud;ADJ;O;2;no
inimsuhe;NOUN;O;1;no
leevendama;VERB;O;1;no
üksildustunne;NOUN;O;1;no
meeldiv;ADJ;O;1;no
koosviibimishetk;NOUN;O;1;no
loomisrõõm;NOUN;O;1;no
kurb;NOUN;O;1;no
mõnikord;ADV;O;2;yes
tekitav;ADJ;O;1;no
kogemuslik;ADJ;O;1;no
pagas;NOUN;O;1;no
puudumine;NOUN;O;1;no
tundma;VERB;O;1;no
nooruk;NOUN;O;2;no
kriisiperiood;NOUN;O;1;no
kurtma;VERB;O;1;no
keskenduma;VERB;O;1;no
mõttetu;ADJ;O;1;no
tegevus;NOUN;O;1;no
all;ADP;O;1;yes
möllakus;NOUN;O;1;no
kamp;NOUN;O;1;no
Loova;PROPN;O;1;no
psühhoteraapiline;ADJ;O;1;no
väärtus;NOUN;O;1;no
üleval;ADV;O;1;yes
parandama;VERB;O;1;no
hälbinud;VERB;O;1;no
olu;NOUN;O;1;no
ilukirjandus;NOUN;O;1;no
mõistma;VERB;O;1;no
teineteise;PRON;O;1;yes
jätkama;VERB;O;1;no
kontakt;NOUN;O;1;no
kangelane;NOUN;O;1;no
saade;NOUN;O;1;no
salvestama;VERB;O;1;no
